/* DATA DESCRIPTION:;;;;;;;;;;;;;;;;;;;
Citation:;"Bange, Hermann W; Qelaj, Kastriot; Hepach, Helmke; Malien, Frank (2024): Hydrochemistry from time series station Boknis Eck from 2015 to 2023 [dataset]. PANGAEA, https://doi.org/10.1594/PANGAEA.973020";;;;;;;;;;;;;;;;;;
Abstract:;The dataset was acquired at the time-series station Boknis Eck (54.5°N and 10.0°E) at six standard depths (1, 5, 10, 15, 20, 25 m). The dataset contains data for temperature and salinity (CTD), nutrients (nitrate, nitrite, silicate, phosphate) and oxygen (sampled with a rosette sampler). The data are from 2015 to 2023.;;;;;;;;;;;;;;;;;;
Supplement to:;"Hepach, Helmke; Piontek, Judith; Bange, Hermann W; Barthelmeß, Theresa; von Jackowski, Anabel; Engel, Anja (2024): Enhanced warming and bacterial biomass production as key factors for coastal hypoxia in the southwestern Baltic Sea. Scientific Reports, 14(1), 29442, https://doi.org/10.1038/s41598-024-80451-w";;;;;;;;;;;;;;;;;;
Related to:;"Bange, Hermann W; Malien, Frank (2015): Hydrochemistry from time series station Boknis Eck from 1957 to 2014 [dataset]. PANGAEA, https://doi.org/10.1594/PANGAEA.855693 (Continuation of times series Boknis Eck)";;;;;;;;;;;;;;;;;;
Coverage:;LATITUDE: 54.529500 * LONGITUDE: 10.039300;;;;;;;;;;;;;;;;;;
;DATE/TIME START: 2015-01-06T09:54:24 * DATE/TIME END: 2023-12-06T10:08:48;;;;;;;;;;;;;;;;;;
;MINIMUM DEPTH, water: 1 m * MAXIMUM DEPTH, water: 25 m;;;;;;;;;;;;;;;;;;
Event(s):;Boknis_Eck_1957 * LATITUDE: 54.529500 * LONGITUDE: 10.039330 * DATE/TIME: 1957-04-30T00:00:00 * LOCATION: Boknis Eck * METHOD/DEVICE: CTD/Rosette (CTD-RO);;;;;;;;;;;;;;;;;;
Comment:;Flags according to WOCE standard;;;;;;;;;;;;;;;;;;
Parameter(s):;DATE/TIME (Date/Time) * GEOCODE * PI: Bange, Hermann W (https://orcid.org/0000-0003-4053-1394, hbange@geomar.de, https://www.geomar.de/hbange/);;;;;;;;;;;;;;;;;;
;LATITUDE (Latitude) * GEOCODE * PI: Bange, Hermann W (https://orcid.org/0000-0003-4053-1394, hbange@geomar.de, https://www.geomar.de/hbange/);;;;;;;;;;;;;;;;;;
;LONGITUDE (Longitude) * GEOCODE * PI: Bange, Hermann W (https://orcid.org/0000-0003-4053-1394, hbange@geomar.de, https://www.geomar.de/hbange/);;;;;;;;;;;;;;;;;;
;DEPTH, water [m] (Depth water) * GEOCODE * PI: Bange, Hermann W (https://orcid.org/0000-0003-4053-1394, hbange@geomar.de, https://www.geomar.de/hbange/);;;;;;;;;;;;;;;;;;
;Cast number (Cast) * PI: Bange, Hermann W (https://orcid.org/0000-0003-4053-1394, hbange@geomar.de, https://www.geomar.de/hbange/);;;;;;;;;;;;;;;;;;
;Sample code/label (Sample label) * PI: Bange, Hermann W (https://orcid.org/0000-0003-4053-1394, hbange@geomar.de, https://www.geomar.de/hbange/);;;;;;;;;;;;;;;;;;
;Nitrate [µmol/l] ([NO3]-) * PI: Bange, Hermann W (https://orcid.org/0000-0003-4053-1394, hbange@geomar.de, https://www.geomar.de/hbange/) * METHOD/DEVICE: CTD;;;;;;;;;;;;;;;;;;
;Flag (Flag) * PI: Bange, Hermann W (https://orcid.org/0000-0003-4053-1394, hbange@geomar.de, https://www.geomar.de/hbange/) * COMMENT: (NO3);;;;;;;;;;;;;;;;;;
;Nitrite [µmol/l] ([NO2]-) * PI: Bange, Hermann W (https://orcid.org/0000-0003-4053-1394, hbange@geomar.de, https://www.geomar.de/hbange/) * METHOD/DEVICE: CTD;;;;;;;;;;;;;;;;;;
;Flag (Flag) * PI: Bange, Hermann W (https://orcid.org/0000-0003-4053-1394, hbange@geomar.de, https://www.geomar.de/hbange/) * COMMENT: (NO2);;;;;;;;;;;;;;;;;;
;Oxygen [µmol/l] (O2) * PI: Bange, Hermann W (https://orcid.org/0000-0003-4053-1394, hbange@geomar.de, https://www.geomar.de/hbange/) * METHOD/DEVICE: CTD;;;;;;;;;;;;;;;;;;
;Flag (Flag) * PI: Bange, Hermann W (https://orcid.org/0000-0003-4053-1394, hbange@geomar.de, https://www.geomar.de/hbange/) * COMMENT: (Oxygen);;;;;;;;;;;;;;;;;;
;Phosphate [µmol/l] ([PO4]3-) * PI: Bange, Hermann W (https://orcid.org/0000-0003-4053-1394, hbange@geomar.de, https://www.geomar.de/hbange/) * METHOD/DEVICE: CTD;;;;;;;;;;;;;;;;;;
;Flag (Flag) * PI: Bange, Hermann W (https://orcid.org/0000-0003-4053-1394, hbange@geomar.de, https://www.geomar.de/hbange/) * COMMENT: (PO4);;;;;;;;;;;;;;;;;;
;Salinity (Sal) * PI: Bange, Hermann W (https://orcid.org/0000-0003-4053-1394, hbange@geomar.de, https://www.geomar.de/hbange/) * METHOD/DEVICE: CTD;;;;;;;;;;;;;;;;;;
;Flag (Flag) * PI: Bange, Hermann W (https://orcid.org/0000-0003-4053-1394, hbange@geomar.de, https://www.geomar.de/hbange/) * COMMENT: (Sal);;;;;;;;;;;;;;;;;;
;Silicate [µmol/l] (Si(OH)4) * PI: Bange, Hermann W (https://orcid.org/0000-0003-4053-1394, hbange@geomar.de, https://www.geomar.de/hbange/) * METHOD/DEVICE: CTD;;;;;;;;;;;;;;;;;;
;Flag (Flag) * PI: Bange, Hermann W (https://orcid.org/0000-0003-4053-1394, hbange@geomar.de, https://www.geomar.de/hbange/) * COMMENT: (SiO2);;;;;;;;;;;;;;;;;;
;Temperature, water [°C] (Temp) * PI: Bange, Hermann W (https://orcid.org/0000-0003-4053-1394, hbange@geomar.de, https://www.geomar.de/hbange/) * METHOD/DEVICE: CTD;;;;;;;;;;;;;;;;;;
;Flag (Flag) * PI: Bange, Hermann W (https://orcid.org/0000-0003-4053-1394, hbange@geomar.de, https://www.geomar.de/hbange/) * COMMENT: (Temp);;;;;;;;;;;;;;;;;;
License:;Creative Commons Attribution 3.0 Unported (CC-BY-3.0) (URI: https://creativecommons.org/licenses/by/3.0/);;;;;;;;;;;;;;;;;;
Status:;Curation Level: Enhanced curation (URI: https://wiki.pangaea.de/wiki/Curation_levels);;;;;;;;;;;;;;;;;;
Size:;8928 data points;;;;;;;;;;;;;;;;;;
*/;;;;;;;;;;;;;;;;;;;
Date/Time;Latitude;Longitude;Depth water [m];Cast;Sample label;[NO3]- [µmol/l];Flag ((NO3));[NO2]- [µmol/l];Flag ((NO2));O2 [µmol/l];Flag ((Oxygen));[PO4]3- [µmol/l];Flag ((PO4));Sal;Flag ((Sal));Si(OH)4 [µmol/l];Flag ((SiO2));Temp [°C];Flag ((Temp))
2015-01-06T09:54:24;54.5295;10.0393;1;1;488;7.97;6;0.69;6;332.40;6;0.72;6;23.64;1;14.98;6;5.61;1
2015-01-06T09:54:24;54.5295;10.0393;5;1;488;8.14;6;0.75;6;334.10;6;0.77;6;23.66;1;14.97;6;5.61;1
2015-01-06T09:54:24;54.5295;10.0393;10;1;488;8.54;6;0.86;6;331.90;6;0.83;6;23.71;1;15.84;6;5.65;1
2015-01-06T09:54:24;54.5295;10.0393;15;1;488;7.90;6;0.50;6;310.00;6;0.87;6;24.21;1;16.86;6;6.28;1
2015-01-06T09:54:24;54.5295;10.0393;20;1;488;7.32;6;0.43;6;284.40;6;0.85;6;25.24;1;17.61;6;7.00;1
2015-01-06T09:54:24;54.5295;10.0393;25;1;488;7.23;6;0.43;6;273.60;6;0.93;6;24.48;1;17.70;6;7.16;1
2015-02-23T09:52:42;54.5295;10.0393;1;1;489;4.41;6;0.31;6;355.30;6;0.43;6;23.33;1;5.92;6;3.45;1
2015-02-23T09:52:42;54.5295;10.0393;5;1;489;4.74;6;0.42;6;353.70;6;0.54;6;23.36;1;6.09;6;3.47;1
2015-02-23T09:52:42;54.5295;10.0393;10;1;489;6.84;6;0.58;6;337.40;6;0.70;6;23.73;1;11.13;6;3.68;1
2015-02-23T09:52:42;54.5295;10.0393;15;1;489;7.91;6;0.73;6;318.10;6;0.79;6;24.09;1;15.51;6;3.91;1
2015-02-23T09:52:42;54.5295;10.0393;20;1;489;8.55;6;0.90;6;305.10;6;0.91;6;24.28;1;18.26;6;4.05;1
2015-02-23T09:52:42;54.5295;10.0393;25;1;489;8.60;6;1.05;6;305.50;6;0.96;6;24.29;1;18.15;6;4.06;1
2015-03-17T10:01:02;54.5295;10.0393;1;1;490;0.05;6;0.02;6;376.90;6;0.07;6;18.30;1;2.08;6;4.53;1
2015-03-17T10:01:02;54.5295;10.0393;5;1;490;0.03;6;0.01;6;372.30;6;0.06;6;18.59;1;2.12;6;4.39;1
2015-03-17T10:01:02;54.5295;10.0393;10;1;490;0.29;6;0.02;6;325.30;6;0.04;6;18.94;1;2.34;6;4.24;1
2015-03-17T10:01:02;54.5295;10.0393;15;1;490;1.98;6;0.06;6;347.80;6;0.14;6;21.43;1;2.90;6;3.45;1
2015-03-17T10:01:02;54.5295;10.0393;20;1;490;5.17;6;0.16;6;316.40;6;0.38;6;23.12;1;7.47;6;3.72;1
2015-03-17T10:01:02;54.5295;10.0393;25;1;490;6.81;6;0.30;6;291.70;6;0.57;6;23.62;1;11.87;6;3.93;1
2015-04-21T09:55:36;54.5295;10.0393;1;1;491;0.02;6;0.15;6;352.20;6;0.03;6;16.06;1;5.12;6;8.26;1
2015-04-21T09:55:36;54.5295;10.0393;5;1;491;0.02;6;0.00;6;353.90;6;0.01;6;16.16;1;2.75;6;7.75;1
2015-04-21T09:55:36;54.5295;10.0393;10;1;491;0.03;6;0.00;6;346.20;6;0.02;6;16.35;1;3.11;6;6.79;1
2015-04-21T09:55:36;54.5295;10.0393;15;1;491;0.31;6;0.03;6;322.30;6;0.02;6;17.18;1;5.17;6;6.25;1
2015-04-21T09:55:36;54.5295;10.0393;20;1;491;2.81;6;0.14;6;270.60;6;0.24;6;20.00;1;12.92;6;4.50;1
2015-04-21T09:55:36;54.5295;10.0393;25;1;491;5.30;6;0.32;6;226.50;6;0.45;6;22.18;1;19.85;6;4.21;1
2015-05-12T10:35:59;54.5295;10.0393;1;1;492;0.01;6;0.04;6;329.70;6;0.02;6;16.56;1;7.22;6;10.69;1
2015-05-12T10:35:59;54.5295;10.0393;5;1;492;0.03;6;0.04;6;328.00;6;0.02;6;16.59;1;7.28;6;10.61;1
2015-05-12T10:35:59;54.5295;10.0393;10;1;492;0.07;6;0.04;6;316.20;6;0.03;6;17.07;1;7.87;6;9.41;1
2015-05-12T10:35:59;54.5295;10.0393;15;1;492;0.27;6;0.05;6;311.80;6;0.05;6;17.42;1;8.38;6;9.18;1
2015-05-12T10:35:59;54.5295;10.0393;20;1;492;2.95;6;0.21;6;240.70;6;0.37;6;20.20;1;17.10;6;5.62;1
2015-05-12T10:35:59;54.5295;10.0393;25;1;492;4.08;6;0.29;6;218.10;6;0.51;6;20.94;1;21.20;6;4.94;1
2015-06-04T09:48:51;54.5295;10.0393;1;1;493;0.03;6;0.04;6;306.20;6;0.00;6;16.59;1;7.31;6;12.04;1
2015-06-04T09:48:51;54.5295;10.0393;5;1;493;0.21;6;0.06;6;303.20;6;0.01;6;16.88;1;8.93;6;11.71;1
2015-06-04T09:48:51;54.5295;10.0393;10;1;493;1.77;6;0.23;6;287.70;6;0.12;6;18.50;1;14.32;6;9.57;1
2015-06-04T09:48:51;54.5295;10.0393;15;1;493;2.53;6;0.27;6;274.50;6;0.28;6;18.99;1;17.00;6;9.13;1
2015-06-04T09:48:51;54.5295;10.0393;20;1;493;5.14;6;0.33;6;204.10;6;0.61;6;20.30;1;26.20;6;7.40;1
2015-06-04T09:48:51;54.5295;10.0393;25;1;493;3.63;6;0.37;6;180.40;6;0.76;6;20.99;1;31.60;6;6.48;1
2015-06-21T10:10:54;54.5295;10.0393;1;1;494;0.00;6;0.05;6;301.90;6;0.03;6;15.71;1;4.84;6;14.69;1
2015-06-21T10:10:54;54.5295;10.0393;5;1;494;0.01;6;0.04;6;300.90;6;0.01;6;15.72;1;5.03;6;14.67;1
2015-06-21T10:10:54;54.5295;10.0393;10;1;494;0.05;6;0.04;6;300.40;6;0.02;6;15.91;1;4.69;6;14.61;1
2015-06-21T10:10:54;54.5295;10.0393;15;1;494;0.08;6;0.05;6;307.90;6;0.04;6;16.98;1;3.59;6;13.31;1
2015-06-21T10:10:54;54.5295;10.0393;20;1;494;0.90;6;0.14;6;241.50;6;0.36;6;19.41;1;13.92;6;8.47;1
2015-06-21T10:10:54;54.5295;10.0393;25;1;494;6.29;6;0.17;6;148.70;6;0.41;6;20.69;1;30.83;6;6.63;1
2015-07-14T09:33:48;54.5295;10.0393;1;1;495;0.01;6;0.08;6;291.80;6;0.01;6;15.02;1;3.71;6;16.82;1
2015-07-14T09:33:48;54.5295;10.0393;5;1;495;0.01;6;0.08;6;289.60;6;0.01;6;15.23;1;3.84;6;16.68;1
2015-07-14T09:33:48;54.5295;10.0393;10;1;495;0.11;6;0.09;6;261.60;6;0.04;6;16.24;1;4.42;6;15.50;1
2015-07-14T09:33:48;54.5295;10.0393;15;1;495;0.08;6;0.09;6;247.00;6;0.06;6;17.36;1;7.97;6;13.88;1
2015-07-14T09:33:48;54.5295;10.0393;20;1;495;0.32;6;0.15;6;202.90;6;0.11;6;18.54;1;12.06;6;11.38;1
2015-07-14T09:33:48;54.5295;10.0393;25;1;495;2.71;6;0.25;6;115.40;6;0.40;6;20.31;1;29.62;6;7.94;1
2015-08-04T09:58:41;54.5295;10.0393;1;1;496;0.02;6;0.05;6;287.00;6;0.03;6;16.39;1;0.37;6;17.12;1
2015-08-04T09:58:41;54.5295;10.0393;5;1;496;0.00;6;0.02;6;287.90;6;0.00;6;16.43;1;0.42;6;16.89;1
2015-08-04T09:58:41;54.5295;10.0393;10;1;496;0.05;6;0.03;6;262.50;6;0.08;6;17.21;1;1.26;6;15.02;1
2015-08-04T09:58:41;54.5295;10.0393;15;1;496;0.13;6;0.07;6;180.00;6;0.27;6;19.07;1;20.24;6;11.58;1
2015-08-04T09:58:41;54.5295;10.0393;20;1;496;2.53;6;0.20;6;92.00;6;0.55;6;19.84;1;36.45;6;10.02;1
2015-08-04T09:58:41;54.5295;10.0393;25;1;496;4.42;6;0.26;6;79.90;6;0.79;6;20.21;1;39.66;6;9.98;1
2015-09-10T09:50:23;54.5295;10.0393;1;1;497;0.03;6;0.07;6;286.80;6;0.17;6;14.03;1;3.57;6;16.55;1
2015-09-10T09:50:23;54.5295;10.0393;5;1;497;0.01;6;0.03;6;283.40;6;0.09;6;14.38;1;1.75;6;16.85;1
2015-09-10T09:50:23;54.5295;10.0393;10;1;497;0.02;6;0.03;6;280.30;6;0.12;6;14.55;1;1.69;6;16.88;1
2015-09-10T09:50:23;54.5295;10.0393;15;1;497;0.16;6;0.07;6;256.00;6;0.19;6;14.69;1;4.57;6;16.84;1
2015-09-10T09:50:23;54.5295;10.0393;20;1;497;2.41;6;0.75;6;80.40;6;1.40;6;18.06;1;35.67;6;14.83;1
2015-09-10T09:50:23;54.5295;10.0393;25;1;497;3.14;6;0.73;6;57.80;6;1.95;6;19.57;1;44.51;6;14.01;1
2015-11-05T10:06:48;54.5295;10.0393;1;1;499;0.02;6;0.03;6;316.80;6;0.53;6;16.64;1;5.26;6;11.07;1
2015-11-05T10:06:48;54.5295;10.0393;5;1;499;0.02;6;0.03;6;315.50;6;0.43;6;16.64;1;5.33;6;11.05;1
2015-11-05T10:06:48;54.5295;10.0393;10;1;499;0.04;6;0.03;6;311.90;6;0.55;6;16.66;1;5.29;6;11.05;1
2015-11-05T10:06:48;54.5295;10.0393;15;1;499;0.84;6;0.13;6;277.30;6;0.99;6;16.98;1;7.57;6;11.45;1
2015-11-05T10:06:48;54.5295;10.0393;20;1;499;5.25;6;0.22;6;109.80;6;3.53;6;19.64;1;30.68;6;12.87;1
2015-11-05T10:06:48;54.5295;10.0393;25;1;499;5.53;6;0.22;6;73.60;6;7.27;6;20.39;1;50.60;6;12.91;1
2015-12-08T10:11:04;54.5295;10.0393;1;1;500;4.52;6;0.43;6;318.20;6;0.92;6;23.23;1;13.58;6;8.16;1
2015-12-08T10:11:04;54.5295;10.0393;5;1;500;4.69;6;0.43;6;317.20;6;0.95;6;23.25;1;13.93;6;8.20;1
2015-12-08T10:11:04;54.5295;10.0393;10;1;500;5.23;6;0.44;6;309.90;6;0.96;6;23.50;1;14.87;6;8.37;1
2015-12-08T10:11:04;54.5295;10.0393;15;1;500;5.28;6;0.43;6;303.50;6;1.00;6;23.75;1;15.41;6;8.46;1
2015-12-08T10:11:04;54.5295;10.0393;20;1;500;4.59;6;0.35;6;291.70;6;1.15;6;24.37;1;14.61;6;8.82;1
2015-12-08T10:11:04;54.5295;10.0393;25;1;500;4.22;6;0.30;6;287.90;6;0.89;6;25.12;1;13.74;6;8.30;1
2016-03-08T10:27:07;54.5295;10.0393;1;1;503;0.03;6;0.12;6;411.10;6;0.04;6;20.65;1;0.48;6;3.58;1
2016-03-08T10:27:07;54.5295;10.0393;5;1;503;0.11;6;0.30;6;410.80;6;0.02;6;20.64;1;0.37;6;3.58;1
2016-03-08T10:27:07;54.5295;10.0393;10;1;503;4.09;6;0.31;6;374.70;6;0.27;6;20.65;1;5.81;6;3.56;1
2016-03-08T10:27:07;54.5295;10.0393;15;1;503;9.37;6;0.66;6;327.90;6;0.67;6;21.90;1;13.85;6;3.94;1
2016-03-08T10:27:07;54.5295;10.0393;20;1;503;9.33;6;0.63;6;294.10;6;0.74;6;22.57;1;17.01;6;4.17;1
2016-03-08T10:27:07;54.5295;10.0393;25;1;503;8.83;6;0.57;6;277.80;6;0.77;6;24.04;1;17.87;6;4.63;1
2016-04-12T09:46:11;54.5295;10.0393;1;1;504;0.25;6;0.03;6;366.60;6;0.01;6;17.08;1;1.15;6;6.23;1
2016-04-12T09:46:11;54.5295;10.0393;5;1;504;0.09;6;0.03;6;370.10;6;0.01;6;17.27;1;0.63;6;6.11;1
2016-04-12T09:46:11;54.5295;10.0393;10;1;504;0.06;6;0.02;6;382.20;6;0.02;6;18.31;1;0.34;6;5.58;1
2016-04-12T09:46:11;54.5295;10.0393;15;1;504;0.21;6;0.07;6;383.60;6;0.06;6;19.76;1;0.38;6;4.68;1
2016-04-12T09:46:11;54.5295;10.0393;20;1;504;3.32;6;0.71;6;300.30;6;0.29;6;21.26;1;6.79;6;4.15;1
2016-04-12T09:46:11;54.5295;10.0393;25;1;504;5.38;6;0.88;6;238.20;6;0.62;6;21.72;1;12.41;6;4.27;1
2016-05-03T09:40:37;54.5295;10.0393;1;1;505;0.08;6;0.00;6;347.40;6;0.30;6;15.19;1;1.65;6;9.47;1
2016-05-03T09:40:37;54.5295;10.0393;5;1;505;0.04;6;0.00;6;332.60;6;0.37;6;16.99;1;2.29;6;7.52;1
2016-05-03T09:40:37;54.5295;10.0393;10;1;505;0.06;6;0.01;6;326.60;6;2.03;6;20.11;1;3.92;6;6.73;1
2016-05-03T09:40:37;54.5295;10.0393;15;1;505;1.98;6;0.51;6;278.30;6;0.57;6;21.10;1;7.46;6;5.91;1
2016-05-03T09:40:37;54.5295;10.0393;20;1;505;3.60;6;0.72;6;266.00;6;0.58;6;21.87;1;8.72;6;5.87;1
2016-05-03T09:40:37;54.5295;10.0393;25;1;505;4.57;6;0.87;6;245.80;6;0.70;6;21.96;1;10.42;6;5.09;1
2016-06-01T09:48:23;54.5295;10.0393;1;1;506;0.14;6;0.00;6;303.60;6;0.14;6;13.65;1;2.74;6;16.23;1
2016-06-01T09:48:23;54.5295;10.0393;5;1;506;0.15;6;0.00;6;305.70;6;0.14;6;13.60;1;2.54;6;16.20;1
2016-06-01T09:48:23;54.5295;10.0393;10;1;506;0.15;6;0.00;6;327.50;6;0.15;6;16.20;1;0.81;6;11.33;1
2016-06-01T09:48:23;54.5295;10.0393;15;1;506;0.14;6;0.00;6;309.20;6;0.15;6;17.06;1;0.99;6;10.07;1
2016-06-01T09:48:23;54.5295;10.0393;20;1;506;0.27;6;0.02;6;270.30;6;0.39;6;19.57;1;6.91;6;7.07;1
2016-06-01T09:48:23;54.5295;10.0393;25;1;506;6.90;6;0.09;6;147.30;6;1.02;6;21.55;1;19.72;6;5.67;1
2016-07-05T09:50:35;54.5295;10.0393;1;1;508;0.07;6;0.00;6;293.40;6;0.15;6;13.61;1;0.29;6;17.75;1
2016-07-05T09:50:35;54.5295;10.0393;5;1;508;0.06;6;0.00;6;292.90;6;0.22;6;14.50;1;0.57;6;16.63;1
2016-07-05T09:50:35;54.5295;10.0393;10;1;508;0.07;6;0.00;6;264.40;6;0.30;6;17.56;1;2.61;6;12.91;1
2016-07-05T09:50:35;54.5295;10.0393;15;1;508;0.24;6;0.07;6;219.50;6;0.52;6;19.60;1;8.00;6;11.15;1
2016-07-05T09:50:35;54.5295;10.0393;20;1;508;5.08;6;0.07;6;148.40;6;0.91;6;20.86;1;18.66;6;8.27;1
2016-07-05T09:50:35;54.5295;10.0393;25;1;508;5.92;6;0.09;6;140.30;6;1.00;6;22.97;1;19.94;6;8.59;1
2016-08-03T09:39:54;54.5295;10.0393;1;1;509;0.08;6;0.00;6;271.40;6;0.15;6;15.98;1;0.12;6;19.03;1
2016-08-03T09:39:54;54.5295;10.0393;5;1;509;0.09;6;0.00;6;289.20;6;0.16;6;17.47;1;0.24;6;19.25;1
2016-08-03T09:39:54;54.5295;10.0393;10;1;509;0.08;6;0.00;6;277.80;6;0.20;6;20.02;1;0.26;6;15.54;1
2016-08-03T09:39:54;54.5295;10.0393;15;1;509;0.10;6;0.00;6;242.90;6;0.35;6;22.19;1;2.10;6;12.69;1
2016-08-03T09:39:54;54.5295;10.0393;20;1;509;0.27;6;0.01;6;160.60;6;0.82;6;23.86;1;13.38;6;10.64;1
2016-08-03T09:39:54;54.5295;10.0393;25;1;509;1.86;6;0.19;6;111.80;6;1.34;6;25.49;1;20.88;6;10.75;1
2016-09-21T10:37:05;54.5295;10.0393;1;1;510;0.22;6;0.00;6;280.90;6;0.19;6;14.59;1;3.44;6;17.41;1
2016-09-21T10:37:05;54.5295;10.0393;5;1;510;0.15;6;0.00;6;279.70;6;0.17;6;15.50;1;2.15;6;17.78;1
2016-09-21T10:37:05;54.5295;10.0393;10;1;510;0.15;6;0.00;6;268.80;6;0.16;6;16.43;1;2.34;6;17.97;1
2016-09-21T10:37:05;54.5295;10.0393;15;1;510;0.15;6;0.00;6;261.70;6;0.17;6;17.74;1;2.04;6;18.63;1
2016-09-21T10:37:05;54.5295;10.0393;20;1;510;0.15;6;0.00;6;219.00;6;0.33;6;19.95;1;4.74;6;17.84;1
2016-09-21T10:37:05;54.5295;10.0393;25;1;510;0.13;6;0.00;6;0.00;6;4.78;6;25.37;1;54.41;6;11.32;1
2016-10-19T10:21:13;54.5295;10.0393;1;1;511;0.00;6;0.00;6;307.10;6;0.28;6;16.33;1;3.63;6;12.27;1
2016-10-19T10:21:13;54.5295;10.0393;5;1;511;0.02;6;0.00;6;305.30;6;0.24;6;16.33;1;2.78;6;12.29;1
2016-10-19T10:21:13;54.5295;10.0393;10;1;511;0.10;6;0.01;6;277.00;6;0.27;6;16.59;1;3.83;6;12.36;1
2016-10-19T10:21:13;54.5295;10.0393;15;1;511;0.34;6;0.08;6;255.20;6;0.48;6;17.70;1;8.12;6;13.38;1
2016-10-19T10:21:13;54.5295;10.0393;20;1;511;1.58;6;0.58;6;96.20;6;1.45;6;21.53;1;18.67;6;14.78;1
2016-10-19T10:21:13;54.5295;10.0393;25;1;511;0.14;6;0.08;6;0.00;6;6.55;6;24.85;1;65.99;6;12.25;1
2016-11-08T10:02:27;54.5295;10.0393;1;1;512;0.01;6;0.06;6;309.30;6;0.25;6;15.17;1;1.55;6;9.53;1
2016-11-08T10:02:27;54.5295;10.0393;5;1;512;0.02;6;0.04;6;308.90;6;0.28;6;15.16;1;1.56;6;9.55;1
2016-11-08T10:02:27;54.5295;10.0393;10;1;512;0.03;6;0.04;6;308.90;6;0.29;6;15.17;1;1.67;6;9.57;1
2016-11-08T10:02:27;54.5295;10.0393;15;1;512;0.06;6;0.04;6;308.90;6;0.21;6;15.17;1;1.60;6;9.57;1
2016-11-08T10:02:27;54.5295;10.0393;20;1;512;0.09;6;0.04;6;301.80;6;0.31;6;15.45;1;2.49;6;9.80;1
2016-11-08T10:02:27;54.5295;10.0393;25;1;512;1.12;6;0.42;6;0.00;6;11.27;6;22.25;1;57.09;6;12.17;1
2016-12-06T09:54:39;54.5295;10.0393;1;1;513;0.04;6;0.02;6;341.10;6;0.24;6;16.52;1;1.20;6;6.26;1
2016-12-06T09:54:39;54.5295;10.0393;5;1;513;0.01;6;0.02;6;341.00;6;0.31;6;16.52;1;1.15;6;6.26;1
2016-12-06T09:54:39;54.5295;10.0393;10;1;513;0.06;6;0.03;6;339.50;6;0.38;6;16.55;1;1.41;6;6.27;1
2016-12-06T09:54:39;54.5295;10.0393;15;1;513;0.40;6;0.07;6;311.50;6;0.72;6;16.69;1;5.75;6;6.48;1
2016-12-06T09:54:39;54.5295;10.0393;20;1;513;2.11;6;0.32;6;194.70;6;3.53;6;19.67;1;25.62;6;8.22;1
2016-12-06T09:54:39;54.5295;10.0393;25;1;513;2.51;6;0.65;6;98.10;6;4.53;6;20.57;1;44.65;6;10.17;1
2017-01-10T09:57:46;54.5295;10.0393;1;1;514;0.01;6;0.02;6;345.40;6;0.18;6;21.06;1;4.28;6;4.33;1
2017-01-10T09:57:46;54.5295;10.0393;5;1;514;0.10;6;0.02;6;345.10;6;0.14;6;21.06;1;3.27;6;4.33;1
2017-01-10T09:57:46;54.5295;10.0393;10;1;514;0.31;6;0.03;6;340.90;6;0.12;6;21.12;1;4.05;6;4.42;1
2017-01-10T09:57:46;54.5295;10.0393;15;1;514;0.82;6;0.09;6;301.70;6;0.34;6;22.13;1;9.05;6;5.61;1
2017-01-10T09:57:46;54.5295;10.0393;20;1;514;2.91;6;0.54;6;299.80;6;1.36;6;23.21;1;21.44;6;5.46;1
2017-01-10T09:57:46;54.5295;10.0393;25;1;514;1.20;6;0.28;6;304.60;6;6.97;6;23.70;1;46.76;6;5.30;1
2017-03-13T10:26:42;54.5295;10.0393;1;1;516;0.01;6;0.07;6;410.70;6;0.11;6;16.36;1;4.42;6;3.75;1
2017-03-13T10:26:42;54.5295;10.0393;5;1;516;0.07;6;0.10;6;393.20;6;0.11;6;16.75;1;4.85;6;3.62;1
2017-03-13T10:26:42;54.5295;10.0393;10;1;516;4.02;6;0.35;6;344.90;6;0.59;6;19.27;1;11.89;6;2.94;1
2017-03-13T10:26:42;54.5295;10.0393;15;1;516;4.50;6;0.38;6;325.40;6;0.66;6;20.04;1;14.72;6;3.01;1
2017-03-13T10:26:42;54.5295;10.0393;20;1;516;4.27;6;0.33;6;322.40;6;0.68;6;20.43;1;15.37;6;3.23;1
2017-03-13T10:26:42;54.5295;10.0393;25;1;516;4.30;6;0.35;6;318.50;6;0.77;6;20.62;1;16.61;6;3.26;1
2017-04-10T10:35:37;54.5295;10.0393;1;1;517;0.01;6;0.05;6;350.20;6;0.13;6;16.82;1;3.97;6;7.15;1
2017-04-10T10:35:37;54.5295;10.0393;5;1;517;0.03;6;0.07;6;350.64;6;0.13;6;16.82;1;4.02;6;7.15;1
2017-04-10T10:35:37;54.5295;10.0393;10;1;517;0.76;6;0.08;6;348.39;6;0.13;6;16.82;1;3.83;6;7.14;1
2017-04-10T10:35:37;54.5295;10.0393;15;1;517;1.29;6;0.12;6;328.49;6;0.15;6;17.28;1;7.08;6;6.20;1
2017-04-10T10:35:37;54.5295;10.0393;20;1;517;4.78;6;0.30;6;268.13;6;0.66;6;20.02;1;22.36;6;3.47;1
2017-04-10T10:35:37;54.5295;10.0393;25;1;517;5.05;6;0.23;6;261.08;6;0.77;6;20.19;1;24.02;6;3.47;1
2017-06-21T10:16:02;54.5295;10.0393;1;1;519;1.04;6;0.06;6;294.40;6;2.01;6;16.10;1;6.62;6;17.35;1
2017-06-21T10:16:02;54.5295;10.0393;5;1;519;1.85;6;0.07;6;295.59;6;0.02;6;16.26;1;6.68;6;17.28;1
2017-06-21T10:16:02;54.5295;10.0393;10;1;519;2.66;6;0.06;6;299.07;6;0.70;6;16.94;1;6.35;6;14.56;1
2017-06-21T10:16:02;54.5295;10.0393;15;1;519;3.78;6;0.18;6;276.58;6;0.69;6;17.54;1;11.43;6;13.00;1
2017-06-21T10:16:02;54.5295;10.0393;20;1;519;9.58;6;1.00;6;183.53;6;0.97;6;19.13;1;31.50;6;8.98;1
2017-06-21T10:16:02;54.5295;10.0393;25;1;519;12.18;6;0.31;6;137.58;6;1.07;6;20.37;1;39.18;6;8.57;1
2017-07-17T10:50:00;54.5295;10.0393;1;1;520;6.58;6;0.04;6;280.36;6;0.40;6;16.39;1;6.42;6;16.97;1
2017-07-17T10:50:00;54.5295;10.0393;5;1;520;8.01;6;0.00;6;278.33;6;0.24;6;16.40;1;3.55;6;16.94;1
2017-07-17T10:50:00;54.5295;10.0393;10;1;520;8.96;6;0.03;6;247.64;6;0.31;6;17.58;1;4.72;6;15.64;1
2017-07-17T10:50:00;54.5295;10.0393;15;1;520;10.53;6;0.15;6;169.23;6;0.58;6;20.57;1;16.38;6;12.62;1
2017-07-17T10:50:00;54.5295;10.0393;20;1;520;15.58;6;0.55;6;128.24;6;0.80;6;21.86;1;31.58;6;11.62;1
2017-07-17T10:50:00;54.5295;10.0393;25;1;520;17.92;6;0.54;6;91.01;6;0.91;6;22.33;1;45.05;6;10.76;1
2017-08-01T09:58:53;54.5295;10.0393;1;1;521;0.02;6;0.02;6;278.36;6;0.09;6;14.94;1;1.89;6;18.71;1
2017-08-01T09:58:53;54.5295;10.0393;5;1;521;0.03;6;0.01;6;277.01;6;0.00;6;16.23;1;0.56;6;18.40;1
2017-08-01T09:58:53;54.5295;10.0393;10;1;521;0.10;6;0.01;6;254.60;6;0.04;6;17.19;1;1.90;6;17.22;1
2017-08-01T09:58:53;54.5295;10.0393;15;1;521;0.11;6;0.01;6;209.44;6;0.17;6;19.11;1;6.22;6;15.22;1
2017-08-01T09:58:53;54.5295;10.0393;20;1;521;0.36;6;0.06;6;145.42;6;0.33;6;20.72;1;17.30;6;12.80;1
2017-08-01T09:58:53;54.5295;10.0393;25;1;521;4.71;6;0.61;6;53.10;6;0.88;6;22.03;1;57.22;6;10.81;1
2017-09-12T09:55:48;54.5295;10.0393;1;1;522;0.28;6;0.02;6;146.80;6;0.86;6;20.12;1;28.74;6;15.00;1
2017-09-12T09:55:48;54.5295;10.0393;5;1;522;0.33;6;0.01;6;135.92;6;1.04;6;20.13;1;29.93;6;14.97;1
2017-09-12T09:55:48;54.5295;10.0393;10;1;522;0.42;6;0.06;6;55.04;6;1.44;6;21.27;1;39.04;6;14.21;1
2017-09-12T09:55:48;54.5295;10.0393;15;1;522;1.04;6;0.23;6;24.61;6;1.77;6;22.23;1;46.33;6;13.55;1
2017-09-12T09:55:48;54.5295;10.0393;20;1;522;1.22;6;0.24;6;27.98;6;1.82;6;22.28;1;46.27;6;13.61;1
2017-09-12T09:55:48;54.5295;10.0393;25;1;522;2.06;6;0.35;6;28.64;6;2.34;6;22.77;1;49.35;6;13.53;1
2017-10-24T10:43:32;54.5295;10.0393;1;1;523;0.02;6;0.12;6;267.67;6;1.00;6;17.98;1;25.60;6;13.19;1
2017-10-24T10:43:32;54.5295;10.0393;5;1;523;0.03;6;0.17;6;258.71;6;0.87;6;17.98;1;25.39;6;13.19;1
2017-10-24T10:43:32;54.5295;10.0393;10;1;523;0.11;6;0.22;6;187.22;6;1.03;6;19.77;1;23.03;6;13.68;1
2017-10-24T10:43:32;54.5295;10.0393;15;1;523;1.62;6;0.34;6;164.67;6;1.42;6;20.71;1;26.67;6;13.50;1
2017-10-24T10:43:32;54.5295;10.0393;20;1;523;0.93;6;0.22;6;152.52;6;1.73;6;21.87;1;26.46;6;13.22;1
2017-10-24T10:43:32;54.5295;10.0393;25;1;523;0.87;6;0.22;6;172.33;6;1.50;6;22.11;1;22.15;6;13.20;1
2017-11-09T10:36:59;54.5295;10.0393;1;1;524;0.02;6;0.00;6;305.82;6;0.66;6;18.37;1;18.37;6;11.13;1
2017-11-09T10:36:59;54.5295;10.0393;5;1;524;0.08;6;0.00;6;300.24;6;0.63;6;18.37;1;20.98;6;11.13;1
2017-11-09T10:36:59;54.5295;10.0393;10;1;524;0.10;6;0.00;6;294.15;6;0.57;6;18.42;1;20.43;6;11.28;1
2017-11-09T10:36:59;54.5295;10.0393;15;1;524;0.20;6;0.04;6;243.63;6;0.72;6;18.93;1;24.22;6;11.87;1
2017-11-09T10:36:59;54.5295;10.0393;20;1;524;1.47;6;0.41;6;165.12;6;0.95;6;20.40;1;34.32;6;12.35;1
2017-11-09T10:36:59;54.5295;10.0393;25;1;524;2.74;6;0.89;6;100.72;6;1.17;6;21.46;1;44.97;6;13.13;1
2017-12-19T10:05:58;54.5295;10.0393;1;1;525;1.30;6;0.28;6;331.60;6;0.77;6;19.54;1;13.22;6;5.77;1
2017-12-19T10:05:58;54.5295;10.0393;5;1;525;1.35;6;0.28;6;332.00;6;0.84;6;19.54;1;13.21;6;5.77;1
2017-12-19T10:05:58;54.5295;10.0393;10;1;525;1.97;6;0.32;6;331.52;6;0.60;6;19.57;1;13.84;6;5.57;1
2017-12-19T10:05:58;54.5295;10.0393;15;1;525;2.28;6;0.35;6;329.77;6;0.56;6;19.62;1;14.14;6;5.63;1
2017-12-19T10:05:58;54.5295;10.0393;20;1;525;2.83;6;0.45;6;320.67;6;0.87;6;19.69;1;14.09;6;5.84;1
2017-12-19T10:05:58;54.5295;10.0393;25;1;525;3.49;6;0.55;6;305.26;6;0.99;6;19.84;1;17.03;6;6.45;1
2018-01-10T10:05:03;54.5295;10.0393;1;1;526;3.57;6;0.32;6;345.77;6;0.70;6;19.24;1;14.93;6;4.51;1
2018-01-10T10:05:03;54.5295;10.0393;5;1;526;3.33;6;0.31;6;345.79;6;0.65;6;19.29;1;15.16;6;4.58;1
2018-01-10T10:05:03;54.5295;10.0393;10;1;526;3.25;6;0.32;6;345.59;6;0.64;6;19.33;1;15.35;6;4.61;1
2018-01-10T10:05:03;54.5295;10.0393;15;1;526;2.91;6;0.32;6;345.15;6;0.64;6;19.37;1;15.20;6;4.82;1
2018-01-10T10:05:03;54.5295;10.0393;20;1;526;2.94;6;0.33;6;344.44;6;0.71;6;19.39;1;14.54;6;4.84;1
2018-01-10T10:05:03;54.5295;10.0393;25;1;526;2.97;6;0.33;6;343.81;6;0.62;6;19.41;1;14.54;6;4.84;1
2018-02-20T12:01:42;54.5295;10.0393;1;1;527;3.99;6;0.55;6;393.21;6;0.66;6;15.38;1;16.66;6;2.86;1
2018-02-20T12:01:42;54.5295;10.0393;5;1;527;4.22;6;0.54;6;388.93;6;0.55;6;15.58;1;16.72;6;2.94;1
2018-02-20T12:01:42;54.5295;10.0393;10;1;527;4.99;6;0.56;6;366.80;6;0.69;6;16.26;1;17.23;6;3.28;1
2018-02-20T12:01:42;54.5295;10.0393;15;1;527;5.49;6;0.61;6;354.43;6;0.80;6;16.91;1;17.87;6;3.51;1
2018-02-20T12:01:42;54.5295;10.0393;20;1;527;5.65;6;0.65;6;319.44;6;0.80;6;17.59;1;19.16;6;4.05;1
2018-02-20T12:01:42;54.5295;10.0393;25;1;527;6.13;6;0.66;6;294.36;6;0.97;6;18.51;1;21.43;6;4.70;1
2018-03-26T09:53:23;54.5295;10.0393;1;1;528;0.27;6;0.11;6;426.88;6;0.10;6;13.53;1;3.45;6;1.82;1
2018-03-26T09:53:23;54.5295;10.0393;5;1;528;0.24;6;0.10;6;426.99;6;0.07;6;13.53;1;3.36;6;1.81;1
2018-03-26T09:53:23;54.5295;10.0393;10;1;528;0.61;6;0.10;6;421.55;6;0.08;6;13.53;1;3.46;6;1.80;1
2018-03-26T09:53:23;54.5295;10.0393;15;1;528;1.11;6;0.11;6;416.27;6;0.12;6;13.63;1;4.01;6;1.39;1
2018-03-26T09:53:23;54.5295;10.0393;20;1;528;1.17;6;0.13;6;405.90;6;0.24;6;13.85;1;4.88;6;1.22;1
2018-03-26T09:53:23;54.5295;10.0393;25;1;528;1.27;6;0.15;6;398.37;6;0.30;6;14.11;1;4.97;6;1.07;1
2018-04-18T09:55:01;54.5295;10.0393;1;1;529;0.03;6;0.06;6;406.79;6;0.02;6;13.30;1;0.65;6;5.15;1
2018-04-18T09:55:01;54.5295;10.0393;5;1;529;0.04;6;0.05;6;401.96;6;0.01;6;13.28;1;0.64;6;4.85;1
2018-04-18T09:55:01;54.5295;10.0393;10;1;529;0.09;6;0.05;6;390.42;6;0.03;6;13.34;1;0.55;6;4.04;1
2018-04-18T09:55:01;54.5295;10.0393;15;1;529;0.06;6;0.04;6;391.67;6;0.04;6;13.43;1;1.15;6;3.95;1
2018-04-18T09:55:01;54.5295;10.0393;20;1;529;0.07;6;0.04;6;388.26;6;0.09;6;13.53;1;1.24;6;3.96;1
2018-04-18T09:55:01;54.5295;10.0393;25;1;529;0.09;6;0.04;6;384.18;6;0.09;6;13.66;1;2.51;6;3.89;1
2018-05-08T10:08:43;54.5295;10.0393;1;1;530;0.01;6;0.03;6;369.18;6;0.02;6;13.41;1;1.07;6;7.93;1
2018-05-08T10:08:43;54.5295;10.0393;5;1;530;0.04;6;0.03;6;371.82;6;0.01;6;13.39;1;1.07;6;7.78;1
2018-05-08T10:08:43;54.5295;10.0393;10;1;530;0.02;6;0.03;6;359.39;6;0.00;6;13.47;1;1.37;6;6.15;1
2018-05-08T10:08:43;54.5295;10.0393;15;1;530;0.17;6;0.04;6;324.16;6;0.06;6;15.73;1;4.89;6;6.18;1
2018-05-08T10:08:43;54.5295;10.0393;20;1;530;0.53;6;0.06;6;305.61;6;0.17;6;17.07;1;7.43;6;6.20;1
2018-05-08T10:08:43;54.5295;10.0393;25;1;530;0.96;6;0.07;6;286.44;6;0.25;6;18.27;1;10.62;6;5.37;1
2018-06-21T10:16:12;54.5295;10.0393;1;1;531;0.03;6;0.04;6;294.20;6;0.08;6;12.42;1;3.38;6;17.30;1
2018-06-21T10:16:12;54.5295;10.0393;5;1;531;0.01;6;0.04;6;288.18;6;0.06;6;13.88;1;5.02;6;14.26;1
2018-06-21T10:16:12;54.5295;10.0393;10;1;531;0.18;6;0.07;6;225.07;6;0.24;6;17.20;1;16.16;6;7.85;1
2018-06-21T10:16:12;54.5295;10.0393;15;1;531;1.06;6;0.14;6;228.13;6;0.41;6;19.60;1;15.51;6;9.11;1
2018-06-21T10:16:12;54.5295;10.0393;20;1;531;1.89;6;0.17;6;217.76;6;0.56;6;20.60;1;19.65;6;8.97;1
2018-06-21T10:16:12;54.5295;10.0393;25;1;531;3.33;6;0.20;6;187.03;6;1.47;6;23.14;1;28.45;6;8.55;1
2018-08-01T10:16:39;54.5295;10.0393;1;1;533;0.09;6;0.08;6;264.13;6;0.01;6;15.45;1;0.04;6;21.76;1
2018-08-01T10:16:39;54.5295;10.0393;1;1;533;0.02;6;0.09;6;280.30;6;0.01;6;15.43;1;0.02;6;21.77;1
2018-08-01T10:16:39;54.5295;10.0393;1;1;533;0.04;6;0.11;6;295.66;6;0.08;6;15.44;1;0.23;6;21.76;1
2018-08-01T10:16:39;54.5295;10.0393;25;1;533;0.03;6;0.15;6;297.61;6;0.08;6;24.25;1;0.14;6;10.47;1
2018-08-01T10:16:39;54.5295;10.0393;25;1;533;0.03;6;0.15;6;192.87;6;0.30;6;24.31;1;6.86;6;10.46;1
2018-08-01T10:16:39;54.5295;10.0393;25;1;533;0.41;6;0.22;6;67.36;6;1.59;6;24.24;1;49.02;6;10.48;1
2018-09-20T10:21:47;54.5295;10.0393;1;1;534;0.03;6;0.08;6;266.09;6;0.48;6;18.30;1;5.59;6;17.24;1
2018-09-20T10:21:47;54.5295;10.0393;5;1;534;0.01;6;0.06;6;252.43;6;0.49;6;18.65;1;7.19;6;17.24;1
2018-09-20T10:21:47;54.5295;10.0393;10;1;534;0.06;6;0.09;6;180.40;6;1.27;6;19.94;1;12.72;6;16.99;1
2018-09-20T10:21:47;54.5295;10.0393;15;1;534;0.20;6;0.13;6;94.54;6;1.26;6;21.74;1;24.23;6;16.33;1
2018-09-20T10:21:47;54.5295;10.0393;20;1;534;1.27;6;0.29;6;51.31;6;2.99;6;22.35;1;39.22;6;15.28;1
2018-09-20T10:21:47;54.5295;10.0393;25;1;534;0.92;6;0.36;6;6.20;6;6.70;6;23.40;1;51.95;6;12.75;1
2018-10-18T10:08:40;54.5295;10.0393;1;1;535;0.02;6;0.04;6;307.91;6;0.49;6;20.56;1;9.03;6;13.83;1
2018-10-18T10:08:40;54.5295;10.0393;5;1;535;0.04;6;0.04;6;288.58;6;0.62;6;21.32;1;10.96;6;13.92;1
2018-10-18T10:08:40;54.5295;10.0393;10;1;535;0.07;6;0.05;6;228.30;6;0.65;6;22.40;1;9.52;6;13.72;1
2018-10-18T10:08:40;54.5295;10.0393;15;1;535;0.14;6;0.06;6;181.17;6;1.00;6;23.37;1;16.48;6;13.80;1
2018-10-18T10:08:40;54.5295;10.0393;20;1;535;0.32;6;0.09;6;191.80;6;1.07;6;24.17;1;15.72;6;13.59;1
2018-10-18T10:08:40;54.5295;10.0393;25;1;535;0.52;6;0.12;6;194.19;6;1.28;6;24.83;1;16.55;6;13.36;1
2018-11-13T10:03:27;54.5295;10.0393;1;1;536;0.00;6;0.03;6;297.99;6;0.72;6;21.11;1;13.38;6;10.59;1
2018-11-13T10:03:27;54.5295;10.0393;5;1;536;0.02;6;0.03;6;294.41;6;0.82;6;21.15;1;13.84;6;10.62;1
2018-11-13T10:03:27;54.5295;10.0393;10;1;536;0.30;6;0.06;6;279.51;6;0.87;6;21.38;1;16.00;6;10.78;1
2018-11-13T10:03:27;54.5295;10.0393;15;1;536;0.90;6;0.15;6;261.97;6;1.10;6;21.87;1;17.86;6;11.13;1
2018-11-13T10:03:27;54.5295;10.0393;20;1;536;1.73;6;0.30;6;246.99;6;1.32;6;22.31;1;21.55;6;11.28;1
2018-11-13T10:03:27;54.5295;10.0393;25;1;536;2.78;6;0.38;6;222.82;6;1.66;6;22.54;1;26.04;6;11.54;1
2018-12-12T10:09:15;54.5295;10.0393;1;1;537;0.48;6;0.19;6;337.45;6;0.57;6;17.51;1;12.08;6;6.50;1
2018-12-12T10:09:15;54.5295;10.0393;5;1;537;0.47;6;0.19;6;337.84;6;0.58;6;17.51;1;12.69;6;6.51;1
2018-12-12T10:09:15;54.5295;10.0393;10;1;537;0.46;6;0.19;6;337.78;6;0.59;6;17.51;1;12.15;6;6.51;1
2018-12-12T10:09:15;54.5295;10.0393;15;1;537;0.52;6;0.18;6;334.70;6;0.61;6;17.57;1;12.55;6;6.48;1
2018-12-12T10:09:15;54.5295;10.0393;20;1;537;0.91;6;0.28;6;315.22;6;0.73;6;18.49;1;14.54;6;7.07;1
2018-12-12T10:09:15;54.5295;10.0393;25;1;537;1.74;6;0.51;6;289.64;6;0.82;6;19.71;1;19.09;6;7.56;1
2019-02-26T10:09:01;54.5295;10.0393;1;1;539;0.02;6;0.04;6;400.29;6;0.06;6;18.41;1;0.34;6;3.76;1
2019-02-26T10:09:01;54.5295;10.0393;5;1;539;0.17;6;0.06;6;387.24;6;0.34;6;18.84;1;1.77;6;3.75;1
2019-02-26T10:09:01;54.5295;10.0393;10;1;539;1.83;6;0.19;6;354.67;6;0.40;6;19.66;1;6.75;6;3.70;1
2019-02-26T10:09:01;54.5295;10.0393;15;1;539;2.73;6;0.27;6;338.94;6;0.79;6;19.97;1;9.64;6;3.68;1
2019-02-26T10:09:01;54.5295;10.0393;20;1;539;4.30;6;0.44;6;282.45;6;0.79;6;21.57;1;16.27;6;4.34;1
2019-02-26T10:09:01;54.5295;10.0393;25;1;539;4.74;6;0.58;6;249.83;6;0.76;6;21.99;1;20.57;6;4.62;1
2019-03-20T09:53:38;54.5295;10.0393;1;1;540;0.03;6;0.03;6;367.41;6;0.02;6;19.55;1;0.02;6;4.77;1
2019-03-20T09:53:38;54.5295;10.0393;5;1;540;0.02;6;0.02;6;367.07;6;0.02;6;19.55;1;0.02;6;4.77;1
2019-03-20T09:53:38;54.5295;10.0393;10;1;540;0.19;6;0.02;6;355.73;6;0.04;6;19.63;1;0.45;6;4.75;1
2019-03-20T09:53:38;54.5295;10.0393;15;1;540;1.45;6;0.08;6;346.70;6;0.16;6;19.86;1;4.51;6;4.74;1
2019-03-20T09:53:38;54.5295;10.0393;20;1;540;3.08;6;0.23;6;324.31;6;0.38;6;20.27;1;9.68;6;4.63;1
2019-03-20T09:53:38;54.5295;10.0393;25;1;540;2.25;6;0.22;6;276.28;6;0.66;6;21.61;1;10.65;6;4.93;1
2019-04-24T10:43:49;54.5295;10.0393;1;1;541;0.05;6;0.04;6;342.56;6;0.01;6;16.60;1;0.87;6;8.77;1
2019-04-24T10:43:49;54.5295;10.0393;5;1;541;0.09;6;0.03;6;344.36;6;0.01;6;16.94;1;0.82;6;8.54;1
2019-04-24T10:43:49;54.5295;10.0393;10;1;541;0.03;6;0.01;6;343.56;6;0.02;6;17.22;1;0.63;6;8.47;1
2019-04-24T10:43:49;54.5295;10.0393;15;1;541;0.03;6;0.01;6;345.11;6;0.01;6;18.86;1;0.09;6;7.39;1
2019-04-24T10:43:49;54.5295;10.0393;20;1;541;0.07;6;0.03;6;325.63;6;0.05;6;19.33;1;2.07;6;6.89;1
2019-04-24T10:43:49;54.5295;10.0393;25;1;541;0.99;6;0.17;6;197.27;6;1.07;6;20.78;1;27.29;6;6.07;1
2019-05-28T10:24:20;54.5295;10.0393;1;1;542;0.03;6;0.06;6;326.49;6;0.02;6;14.82;1;0.08;6;11.91;1
2019-05-28T10:24:20;54.5295;10.0393;5;1;542;0.01;6;0.04;6;326.70;6;0.01;6;14.93;1;0.02;6;11.66;1
2019-05-28T10:24:20;54.5295;10.0393;10;1;542;0.01;6;0.03;6;313.12;6;0.07;6;16.07;1;0.63;6;10.03;1
2019-05-28T10:24:20;54.5295;10.0393;15;1;542;0.09;6;0.04;6;258.57;6;0.30;6;18.36;1;11.92;6;8.57;1
2019-05-28T10:24:20;54.5295;10.0393;20;1;542;0.76;6;0.16;6;200.41;6;0.74;6;19.16;1;29.32;6;7.83;1
2019-05-28T10:24:20;54.5295;10.0393;25;1;542;1.72;6;0.26;6;149.10;6;1.18;6;19.71;1;45.94;6;7.30;1
2019-06-26T11:24:30;54.5295;10.0393;1;1;543;0.02;6;0.04;6;304.83;6;0.04;6;14.50;1;0.14;6;19.60;1
2019-06-26T11:24:30;54.5295;10.0393;5;1;543;0.11;6;0.05;6;293.62;6;0.05;6;14.65;1;0.38;6;18.15;1
2019-06-26T11:24:30;54.5295;10.0393;10;1;543;0.13;6;0.03;6;260.03;6;0.10;6;16.35;1;1.29;6;13.72;1
2019-06-26T11:24:30;54.5295;10.0393;15;1;543;0.20;6;0.05;6;250.31;6;0.15;6;16.84;1;3.65;6;12.56;1
2019-06-26T11:24:30;54.5295;10.0393;20;1;543;1.09;6;0.21;6;150.65;6;0.73;6;18.93;1;35.41;6;9.12;1
2019-06-26T11:24:30;54.5295;10.0393;25;1;543;1.78;6;0.20;6;116.48;6;1.17;6;19.78;1;52.73;6;8.20;1
2019-07-31T10:10:16;54.5295;10.0393;1;1;544;0.06;6;0.01;6;269.60;6;0.07;6;13.88;1;2.19;6;19.77;1
2019-07-31T10:10:16;54.5295;10.0393;5;1;544;0.05;6;0.05;6;264.23;6;0.13;6;16.24;1;3.66;6;18.58;1
2019-07-31T10:10:16;54.5295;10.0393;10;1;544;0.02;6;0.10;6;261.54;6;0.15;6;16.77;1;5.16;6;18.52;1
2019-07-31T10:10:16;54.5295;10.0393;15;1;544;0.07;6;0.09;6;227.51;6;0.29;6;17.40;1;11.75;6;17.46;1
2019-07-31T10:10:16;54.5295;10.0393;20;1;544;<0.01;6;0.10;6;84.07;6;1.18;6;20.83;1;43.46;6;11.47;1
2019-07-31T10:10:16;54.5295;10.0393;25;1;544;<0.01;6;0.17;6;46.35;6;1.65;6;21.51;1;53.39;6;9.72;1
2019-08-27T10:39:15;54.5295;10.0393;1;1;545;0.07;6;0.09;6;274.58;6;0.09;6;15.77;1;6.57;6;19.82;1
2019-08-27T10:39:15;54.5295;10.0393;5;1;545;<0.01;6;0.09;6;247.04;6;0.21;6;17.85;1;9.92;6;17.98;1
2019-08-27T10:39:15;54.5295;10.0393;10;1;545;<0.01;6;0.04;6;145.47;6;0.65;6;20.31;1;20.19;6;15.23;1
2019-08-27T10:39:15;54.5295;10.0393;15;1;545;<0.01;6;0.07;6;54.73;6;2.17;6;21.18;1;42.47;6;13.39;1
2019-08-27T10:39:15;54.5295;10.0393;20;1;545;<0.01;6;0.13;6;74.23;6;1.57;6;22.14;1;37.85;6;13.48;1
2019-08-27T10:39:15;54.5295;10.0393;25;1;545;<0.01;6;0.14;6;36.60;6;3.01;6;22.47;1;46.13;6;12.80;1
2019-10-29T10:39:15;54.5295;10.0393;1;1;547;0.49;6;0.01;6;291.48;6;0.31;6;19.48;1;2.10;6;12.14;1
2019-10-29T10:39:15;54.5295;10.0393;5;1;547;0.42;6;0.01;6;290.36;6;0.11;6;19.48;1;2.20;6;12.13;1
2019-10-29T10:39:15;54.5295;10.0393;10;1;547;0.46;6;0.01;6;284.05;6;0.16;6;19.52;1;2.38;6;12.19;1
2019-10-29T10:39:15;54.5295;10.0393;15;1;547;1.20;6;0.17;6;232.70;6;1.42;6;21.36;1;12.74;6;13.11;1
2019-10-29T10:39:15;54.5295;10.0393;20;1;547;2.24;6;0.49;6;182.45;6;4.92;6;22.39;1;28.81;6;13.28;1
2019-10-29T10:39:15;54.5295;10.0393;25;1;547;2.77;6;0.53;6;99.03;6;8.53;6;23.34;1;45.45;6;13.68;1
2019-11-19T09:52:02;54.5295;10.0393;1;1;548;1.20;6;0.24;6;292.74;6;0.87;6;20.09;1;9.18;6;9.46;1
2019-11-19T09:52:02;54.5295;10.0393;5;1;548;1.74;6;0.36;6;286.76;6;1.03;6;20.13;1;12.53;6;9.52;1
2019-11-19T09:52:02;54.5295;10.0393;10;1;548;1.90;6;0.42;6;269.16;6;1.21;6;20.66;1;13.78;6;10.12;1
2019-11-19T09:52:02;54.5295;10.0393;15;1;548;2.67;6;0.40;6;249.34;6;1.67;6;20.72;1;16.35;6;10.21;1
2019-11-19T09:52:02;54.5295;10.0393;20;1;548;6.77;6;0.22;6;122.57;6;2.08;6;21.71;1;40.28;6;11.71;1
2019-11-19T09:52:02;54.5295;10.0393;25;1;548;8.49;6;0.30;6;56.76;6;2.93;6;22.38;1;46.06;6;12.53;1
2019-12-10T00:00:00;54.5295;10.0393;1;1;549;1.21;6;0.30;6;322.72;6;0.64;6;NaN;9;10.41;6;NaN;9
2019-12-10T00:00:00;54.5295;10.0393;5;1;549;2.05;6;0.44;6;307.25;6;0.75;6;NaN;9;13.43;6;NaN;9
2019-12-10T00:00:00;54.5295;10.0393;10;1;549;2.87;6;0.56;6;291.24;6;0.88;6;NaN;9;16.32;6;NaN;9
2019-12-10T00:00:00;54.5295;10.0393;15;1;549;3.36;6;0.54;6;268.09;6;0.95;6;NaN;9;19.10;6;NaN;9
2019-12-10T00:00:00;54.5295;10.0393;20;1;549;3.85;6;0.45;6;255.88;6;1.07;6;NaN;9;18.42;6;NaN;9
2019-12-10T00:00:00;54.5295;10.0393;25;1;549;3.73;6;0.27;6;263.59;6;0.86;6;NaN;9;17.84;6;NaN;9
2020-01-07T09:40:11;54.5295;10.0393;1;1;550;4.11;6;0.26;6;322.07;6;0.73;6;20.37;1;13.88;6;5.96;1
2020-01-07T09:40:11;54.5295;10.0393;5;1;550;4.15;6;0.27;6;318.67;6;0.74;6;20.38;1;14.39;6;5.96;1
2020-01-07T09:40:11;54.5295;10.0393;10;1;550;4.17;6;0.27;6;313.99;6;0.74;6;20.44;1;14.56;6;5.96;1
2020-01-07T09:40:11;54.5295;10.0393;15;1;550;4.95;6;0.33;6;270.24;6;0.94;6;21.39;1;18.86;6;7.18;1
2020-01-07T09:40:11;54.5295;10.0393;20;1;550;4.90;6;0.26;6;216.51;6;0.93;6;22.55;1;25.26;6;8.04;1
2020-01-07T09:40:11;54.5295;10.0393;25;1;550;4.51;6;0.23;6;200.54;6;0.94;6;23.00;1;27.25;6;8.31;1
2020-03-03T09:49:32;54.5295;10.0393;1;1;552;0.90;6;0.07;6;359.89;6;0.27;6;21.70;1;1.27;6;5.24;1
2020-03-03T09:49:32;54.5295;10.0393;5;1;552;1.47;6;0.09;6;352.58;6;0.39;6;21.72;1;1.67;6;5.23;1
2020-03-03T09:49:32;54.5295;10.0393;10;1;552;1.89;6;0.10;6;345.93;6;0.34;6;21.77;1;1.79;6;5.13;1
2020-03-03T09:49:32;54.5295;10.0393;15;1;552;1.98;6;0.09;6;345.34;6;0.45;6;21.78;1;2.15;6;5.13;1
2020-03-03T09:49:32;54.5295;10.0393;20;1;552;3.08;6;0.10;6;333.49;6;0.47;6;21.92;1;4.05;6;5.18;1
2020-03-03T09:49:32;54.5295;10.0393;25;1;552;4.94;6;0.13;6;315.29;6;0.78;6;22.38;1;8.14;6;5.30;1
2020-04-28T09:41:24;54.5295;10.0393;1;1;553;0.05;6;0.05;6;332.93;6;0.01;6;14.81;1;0.77;6;9.83;1
2020-04-28T09:41:24;54.5295;10.0393;5;1;553;0.08;6;0.03;6;330.34;6;0.01;6;15.07;1;0.80;6;9.65;1
2020-04-28T09:41:24;54.5295;10.0393;10;1;553;0.03;6;0.01;6;321.67;6;0.02;6;16.22;1;0.58;6;7.94;1
2020-04-28T09:41:24;54.5295;10.0393;15;1;553;0.03;6;0.01;6;303.74;6;0.01;6;17.73;1;0.09;6;6.94;1
2020-04-28T09:41:24;54.5295;10.0393;20;1;553;0.06;6;0.03;6;221.95;6;0.04;6;19.22;1;2.07;6;6.18;1
2020-04-28T09:41:24;54.5295;10.0393;25;1;553;0.64;6;0.14;6;170.97;6;1.05;6;20.20;1;26.58;6;6.11;1
2020-05-19T09:41:45;54.5295;10.0393;1;1;554;0.01;6;0.06;6;314.43;6;0.02;6;14.42;1;0.06;6;11.30;1
2020-05-19T09:41:45;54.5295;10.0393;5;1;554;0.01;6;0.01;6;311.97;6;0.01;6;14.42;1;0.02;6;11.28;1
2020-05-19T09:41:45;54.5295;10.0393;10;1;554;0.01;6;0.04;6;269.68;6;0.07;6;14.49;1;0.53;6;11.21;1
2020-05-19T09:41:45;54.5295;10.0393;15;1;554;0.05;6;0.03;6;222.10;6;0.24;6;17.13;1;10.72;6;8.15;1
2020-05-19T09:41:45;54.5295;10.0393;20;1;554;0.58;6;0.12;6;190.21;6;0.59;6;18.11;1;27.89;6;7.36;1
2020-05-19T09:41:45;54.5295;10.0393;25;1;554;1.61;6;0.26;6;171.92;6;1.09;6;19.23;1;44.45;6;6.55;1
2020-06-09T10:11:49;54.5295;10.0393;1;2;555;0.01;6;0.03;6;306.87;6;0.02;6;14.87;1;0.12;6;13.91;1
2020-06-09T10:11:49;54.5295;10.0393;5;2;555;0.05;6;0.03;6;303.98;6;0.03;6;15.01;1;0.31;6;13.66;1
2020-06-09T10:11:49;54.5295;10.0393;10;2;555;0.10;6;0.02;6;300.47;6;0.14;6;15.80;1;1.54;6;12.55;1
2020-06-09T10:11:49;54.5295;10.0393;15;2;555;0.26;6;0.04;6;250.56;6;0.19;6;16.96;1;3.98;6;10.82;1
2020-06-09T10:11:49;54.5295;10.0393;20;2;555;1.29;6;0.15;6;140.32;6;0.65;6;18.01;1;36.21;6;8.86;1
2020-06-09T10:11:49;54.5295;10.0393;25;2;555;1.86;6;0.19;6;72.77;6;1.35;6;18.91;1;54.21;6;7.57;1
2020-07-01T10:08:28;54.5295;10.0393;1;2;556;0.01;6;0.00;6;273.88;6;0.02;6;15.00;1;0.11;6;14.87;1
2020-07-01T10:08:28;54.5295;10.0393;5;2;556;0.04;6;0.01;6;271.54;6;0.01;6;15.02;1;0.29;6;14.78;1
2020-07-01T10:08:28;54.5295;10.0393;10;2;556;0.08;6;0.02;6;243.87;6;0.02;6;15.32;1;1.41;6;14.44;1
2020-07-01T10:08:28;54.5295;10.0393;15;2;556;0.15;6;0.04;6;197.93;6;0.24;6;16.26;1;3.56;6;13.29;1
2020-07-01T10:08:28;54.5295;10.0393;20;2;556;1.16;6;0.01;6;134.95;6;0.89;6;17.03;1;34.87;6;11.49;1
2020-07-01T10:08:28;54.5295;10.0393;25;2;556;1.32;6;0.01;6;45.53;6;1.74;6;18.19;1;51.98;6;9.04;1
2020-07-30T10:03:48;54.5295;10.0393;1;1;557;0.01;6;<0.01;6;242.98;6;<0.01;6;20.44;1;0.08;6;13.45;1
2020-07-30T10:03:48;54.5295;10.0393;1;1;557;0.01;6;0.01;6;214.76;6;<0.01;6;20.43;1;0.21;6;13.45;1
2020-07-30T10:03:48;54.5295;10.0393;15;1;557;0.05;6;0.02;6;211.02;6;0.01;6;21.10;1;1.03;6;12.93;1
2020-07-30T10:03:48;54.5295;10.0393;15;1;557;0.01;6;0.01;6;131.22;6;0.18;6;21.10;1;2.56;6;12.93;1
2020-07-30T10:03:48;54.5295;10.0393;25;1;557;0.98;6;0.01;6;90.82;6;0.73;6;21.22;1;30.84;6;12.98;1
2020-07-30T10:03:48;54.5295;10.0393;25;1;557;1.12;6;0.01;6;80.08;6;1.45;6;21.23;1;48.25;6;12.98;1
2020-08-24T08:42:32;54.5295;10.0393;1;1;558;0.10;6;0.01;6;263.36;6;0.03;6;15.18;1;1.56;6;19.44;1
2020-08-24T08:42:32;54.5295;10.0393;5;1;558;0.12;6;0.01;6;255.76;6;0.07;6;15.48;1;4.23;6;19.19;1
2020-08-24T08:42:32;54.5295;10.0393;10;1;558;0.65;6;0.01;6;206.71;6;0.26;6;16.42;1;9.41;6;18.36;1
2020-08-24T08:42:32;54.5295;10.0393;15;1;558;0.11;6;0.01;6;109.86;6;0.68;6;18.05;1;20.99;6;16.01;1
2020-08-24T08:42:32;54.5295;10.0393;20;1;558;0.11;6;0.02;6;9.24;6;3.97;6;20.47;1;59.49;6;13.30;1
2020-08-24T08:42:32;54.5295;10.0393;25;1;558;0.09;6;0.02;6;28.03;6;4.63;6;21.05;1;65.06;6;12.68;1
2020-09-15T09:41:17;54.5295;10.0393;1;1;559;<0.01;6;0.02;6;268.71;6;0.26;6;14.55;1;9.65;6;17.29;1
2020-09-15T09:41:17;54.5295;10.0393;5;1;559;<0.01;6;0.03;6;219.81;6;0.42;6;15.39;1;15.26;6;17.08;1
2020-09-15T09:41:17;54.5295;10.0393;10;1;559;0.07;6;0.08;6;54.57;6;0.49;6;19.21;1;21.37;6;15.18;1
2020-09-15T09:41:17;54.5295;10.0393;15;1;559;0.81;6;0.46;6;6.60;6;1.24;6;19.90;1;36.12;6;14.31;1
2020-09-15T09:41:17;54.5295;10.0393;20;1;559;1.15;6;0.38;6;0.00;6;2.37;6;21.19;1;50.81;6;13.10;1
2020-09-15T09:41:17;54.5295;10.0393;25;1;559;1.87;6;0.39;6;0.00;6;3.62;6;21.35;1;52.64;6;13.05;1
2020-10-16T10:12:09;54.5295;10.0393;1;2;560;<0.01;6;0.04;6;296.98;6;0.67;6;16.15;1;16.13;6;12.85;1
2020-10-16T10:12:09;54.5295;10.0393;5;2;560;0.03;6;0.04;6;293.65;6;0.67;6;16.44;1;16.56;6;13.03;1
2020-10-16T10:12:09;54.5295;10.0393;10;2;560;0.03;6;0.05;6;291.29;6;0.74;6;16.60;1;17.22;6;13.24;1
2020-10-16T10:12:09;54.5295;10.0393;15;2;560;0.05;6;0.06;6;293.10;6;0.96;6;16.66;1;17.27;6;13.19;1
2020-10-16T10:12:09;54.5295;10.0393;20;2;560;0.16;6;0.09;6;287.91;6;0.87;6;16.98;1;18.91;6;13.09;1
2020-10-16T10:12:09;54.5295;10.0393;25;2;560;0.19;6;0.10;6;120.74;6;1.45;6;18.79;1;30.43;6;13.69;1
2021-02-17T10:15:48;54.5295;10.0393;1;2;564;4.67;6;0.54;6;375.89;6;1.12;6;17.83;1;21.27;6;1.43;1
2021-02-17T10:15:48;54.5295;10.0393;5;2;564;4.99;6;0.53;6;367.87;6;0.87;6;18.02;1;21.71;6;1.73;1
2021-02-17T10:15:48;54.5295;10.0393;10;2;564;5.29;6;0.56;6;361.26;6;0.84;6;18.30;1;22.15;6;1.73;1
2021-02-17T10:15:48;54.5295;10.0393;15;2;564;5.36;6;0.56;6;363.22;6;0.95;6;18.31;1;22.50;6;1.81;1
2021-02-17T10:15:48;54.5295;10.0393;20;2;564;5.43;6;0.59;6;363.04;6;0.85;6;18.34;1;22.76;6;1.74;1
2021-02-17T10:15:48;54.5295;10.0393;25;2;564;5.73;6;0.65;6;365.05;6;0.82;6;18.39;1;22.77;6;1.82;1
2021-03-16T10:00:50;54.5295;10.0393;1;2;565;0.07;6;0.03;6;385.47;6;0.17;6;17.81;1;6.49;6;3.01;1
2021-03-16T10:00:50;54.5295;10.0393;1;2;565;0.66;6;0.05;6;381.92;6;0.24;6;17.81;1;7.70;6;3.01;1
2021-03-16T10:00:50;54.5295;10.0393;15;2;565;0.77;6;0.05;6;364.73;6;0.23;6;17.99;1;8.12;6;2.91;1
2021-03-16T10:00:50;54.5295;10.0393;15;2;565;1.14;6;0.06;6;377.18;6;0.38;6;17.97;1;8.29;6;2.93;1
2021-03-16T10:00:50;54.5295;10.0393;25;2;565;2.10;6;0.14;6;345.28;6;0.50;6;19.90;1;9.94;6;3.20;1
2021-03-16T10:00:50;54.5295;10.0393;25;2;565;2.23;6;0.14;6;333.38;6;0.55;6;19.90;1;9.28;6;3.20;1
2021-04-07T09:58:18;54.5295;10.0393;1;2;566;0.19;6;0.08;6;352.32;6;0.28;6;17.95;1;3.81;6;4.73;1
2021-04-07T09:58:18;54.5295;10.0393;5;2;566;0.15;6;0.04;6;350.05;6;0.28;6;17.95;1;3.85;6;4.74;1
2021-04-07T09:58:18;54.5295;10.0393;10;2;566;0.16;6;0.04;6;348.60;6;0.14;6;17.96;1;4.16;6;4.71;1
2021-04-07T09:58:18;54.5295;10.0393;15;2;566;0.17;6;0.04;6;321.98;6;0.29;6;18.07;1;6.15;6;4.70;1
2021-04-07T09:58:18;54.5295;10.0393;20;2;566;0.22;6;0.08;6;261.64;6;0.48;6;21.20;1;10.66;6;4.23;1
2021-04-07T09:58:18;54.5295;10.0393;25;2;566;0.35;6;0.20;6;256.85;6;0.51;6;21.37;1;11.13;6;4.21;1
2021-05-26T09:54:48;54.5295;10.0393;1;1;567;<0.01;6;0.03;6;314.03;6;0.21;6;18.49;1;6.67;6;8.90;1
2021-05-26T09:54:48;54.5295;10.0393;5;1;567;<0.01;6;0.02;6;312.96;6;0.17;6;18.50;1;6.82;6;8.87;1
2021-05-26T09:54:48;54.5295;10.0393;10;1;567;<0.01;6;0.02;6;305.89;6;0.11;6;18.85;1;7.28;6;8.32;1
2021-05-26T09:54:48;54.5295;10.0393;15;1;567;<0.01;6;0.03;6;290.29;6;0.31;6;19.38;1;9.46;6;7.76;1
2021-05-26T09:54:48;54.5295;10.0393;20;1;567;1.18;6;0.26;6;211.90;6;0.55;6;21.34;1;28.78;6;6.07;1
2021-05-26T09:54:48;54.5295;10.0393;25;1;567;1.18;6;0.29;6;180.14;6;0.85;6;21.93;1;36.35;6;5.93;1
2021-06-09T10:43:50;54.5295;10.0393;1;3;568;<0.01;6;0.02;6;314.51;6;0.12;6;14.70;1;7.83;6;15.39;1
2021-06-09T10:43:50;54.5295;10.0393;5;3;568;<0.01;6;0.02;6;313.74;6;0.16;6;15.86;1;6.61;6;15.17;1
2021-06-09T10:43:50;54.5295;10.0393;10;3;568;<0.01;6;0.05;6;314.00;6;0.37;6;16.09;1;6.94;6;15.09;1
2021-06-09T10:43:50;54.5295;10.0393;15;3;568;0.01;6;0.03;6;306.32;6;0.15;6;17.41;1;7.80;6;11.06;1
2021-06-09T10:43:50;54.5295;10.0393;20;3;568;0.10;6;0.09;6;259.52;6;0.40;6;18.92;1;16.44;6;8.94;1
2021-06-09T10:43:50;54.5295;10.0393;25;3;568;1.03;6;0.25;6;171.54;6;0.82;6;21.47;1;32.80;6;6.30;1
2021-07-20T10:38:51;54.5295;10.0393;1;3;569;<0.01;6;0.16;6;82.94;6;0.11;6;12.15;1;0.50;6;21.42;1
2021-07-20T10:38:51;54.5295;10.0393;5;3;569;<0.01;6;0.43;6;122.51;6;0.13;6;12.22;1;0.46;6;21.43;1
2021-07-20T10:38:51;54.5295;10.0393;10;3;569;<0.01;6;0.06;6;284.83;6;0.22;6;12.70;1;2.39;6;21.02;1
2021-07-20T10:38:51;54.5295;10.0393;15;3;569;0.03;6;0.17;6;271.76;6;0.93;6;16.62;1;31.82;6;14.08;1
2021-07-20T10:38:51;54.5295;10.0393;20;3;569;1.10;6;0.23;6;252.44;6;1.07;6;20.36;1;36.32;6;9.06;1
2021-07-20T10:38:51;54.5295;10.0393;25;3;569;2.90;6;0.80;6;265.82;6;1.63;6;21.16;1;22.06;6;8.53;1
2021-09-01T10:04:18;54.5295;10.0393;1;1;571;0.00;6;0.05;6;269.94;6;0.46;6;15.98;1;9.84;6;17.06;1
2021-09-01T10:04:18;54.5295;10.0393;5;1;571;0.00;6;0.03;6;263.37;6;0.45;6;15.98;1;16.76;6;16.99;1
2021-09-01T10:04:18;54.5295;10.0393;10;1;571;0.09;6;0.09;6;232.52;6;0.56;6;16.16;1;22.63;6;16.67;1
2021-09-01T10:04:18;54.5295;10.0393;15;1;571;0.81;6;0.56;6;105.66;6;1.50;6;22.08;1;34.57;6;12.55;1
2021-09-01T10:04:18;54.5295;10.0393;20;1;571;1.15;6;0.44;6;32.06;6;2.74;6;22.65;1;51.78;6;11.94;1
2021-09-01T10:04:18;54.5295;10.0393;25;1;571;1.95;6;0.39;6;0.00;6;3.43;6;23.32;1;53.75;6;11.11;1
2021-10-06T09:54:13;54.5295;10.0393;1;1;572;<0.01;6;0.05;6;271.52;6;0.46;6;17.21;1;9.84;6;14.68;1
2021-10-06T09:54:13;54.5295;10.0393;5;1;572;<0.01;6;0.03;6;263.59;6;0.45;6;18.08;1;16.76;6;14.86;1
2021-10-06T09:54:13;54.5295;10.0393;10;1;572;0.09;6;0.09;6;247.04;6;0.56;6;18.60;1;22.63;6;14.71;1
2021-10-06T09:54:13;54.5295;10.0393;15;1;572;0.81;6;0.56;6;223.88;6;1.50;6;20.81;1;34.57;6;14.56;1
2021-10-06T09:54:13;54.5295;10.0393;20;1;572;1.15;6;0.44;6;158.41;6;2.74;6;22.09;1;51.78;6;13.29;1
2021-10-06T09:54:13;54.5295;10.0393;25;1;572;0.10;6;0.39;6;101.75;6;3.43;6;22.39;1;53.75;6;12.75;1
2021-11-03T09:44:45;54.5295;10.0393;1;1;573;1.78;6;0.44;6;283.52;6;1.12;6;20.84;1;25.62;6;11.72;1
2021-11-03T09:44:45;54.5295;10.0393;5;1;573;2.83;6;0.48;6;276.63;6;1.01;6;22.33;1;29.84;6;12.45;1
2021-11-03T09:44:45;54.5295;10.0393;10;1;573;2.80;6;0.48;6;255.58;6;1.31;6;22.43;1;28.66;6;12.28;1
2021-11-03T09:44:45;54.5295;10.0393;15;1;573;2.34;6;0.23;6;227.60;6;0.92;6;23.00;1;22.13;6;12.13;1
2021-11-03T09:44:45;54.5295;10.0393;20;1;573;2.17;6;0.21;6;178.32;6;0.93;6;23.43;1;22.88;6;11.96;1
2021-11-03T09:44:45;54.5295;10.0393;25;1;573;2.03;6;0.22;6;129.54;6;0.91;6;23.55;1;22.32;6;11.93;1
2022-02-02T09:41:05;54.5295;10.0393;1;1;576;6.90;6;0.77;6;350.37;6;0.74;6;19.69;1;25.27;6;4.61;1
2022-02-02T09:41:05;54.5295;10.0393;5;1;576;6.92;6;0.78;6;351.64;6;0.66;6;19.69;1;25.26;6;4.61;1
2022-02-02T09:41:05;54.5295;10.0393;10;1;576;6.98;6;0.77;6;347.72;6;0.53;6;19.69;1;25.29;6;4.61;1
2022-02-02T09:41:05;54.5295;10.0393;15;1;576;6.98;6;0.81;6;299.35;6;0.58;6;19.69;1;25.44;6;4.61;1
2022-02-02T09:41:05;54.5295;10.0393;20;1;576;6.98;6;0.78;6;293.14;6;0.55;6;19.69;1;25.30;6;4.61;1
2022-02-02T09:41:05;54.5295;10.0393;25;1;576;3.20;6;0.33;6;278.94;6;0.45;6;19.82;1;12.67;6;4.99;1
2022-03-02T09:26:33;54.5295;10.0393;1;1;577;7.32;6;0.58;6;342.97;6;0.43;6;21.04;1;22.72;6;4.30;1
2022-03-02T09:26:33;54.5295;10.0393;5;1;577;7.31;6;0.59;6;335.72;6;0.64;6;21.04;1;22.75;6;4.30;1
2022-03-02T09:26:33;54.5295;10.0393;10;1;577;7.44;6;0.60;6;319.77;6;0.62;6;21.08;1;22.73;6;4.33;1
2022-03-02T09:26:33;54.5295;10.0393;15;1;577;7.77;6;0.62;6;308.26;6;0.67;6;21.20;1;22.77;6;4.40;1
2022-03-02T09:26:33;54.5295;10.0393;20;1;577;8.18;6;0.71;6;293.14;6;0.64;6;21.52;1;24.49;6;4.57;1
2022-03-02T09:26:33;54.5295;10.0393;25;1;577;7.32;6;0.86;6;290.94;6;0.71;6;22.50;1;27.23;6;4.69;1
2022-04-12T09:28:37;54.5295;10.0393;1;1;578;0.40;6;<0.01;6;368.61;6;0.14;6;13.45;1;0.44;6;5.61;1
2022-04-12T09:28:37;54.5295;10.0393;5;1;578;0.06;6;<0.01;6;370.61;6;0.12;6;13.45;1;0.59;6;5.60;1
2022-04-12T09:28:37;54.5295;10.0393;10;1;578;0.09;6;0.04;6;370.48;6;0.31;6;13.50;1;0.89;6;5.54;1
2022-04-12T09:28:37;54.5295;10.0393;15;1;578;0.64;6;0.02;6;348.02;6;0.20;6;15.55;1;5.76;6;5.28;1
2022-04-12T09:28:37;54.5295;10.0393;20;1;578;0.89;6;0.07;6;281.42;6;0.24;6;20.17;1;6.72;6;4.80;1
2022-04-12T09:28:37;54.5295;10.0393;25;1;578;3.05;6;0.30;6;266.89;6;0.38;6;20.47;1;22.83;6;4.82;1
2022-05-03T09:50:00;54.5295;10.0393;1;1;579;0.11;6;<0.01;6;290.03;6;0.11;6;13.94;1;1.77;6;10.15;1
2022-05-03T09:50:00;54.5295;10.0393;5;1;579;0.19;6;0.03;6;291.09;6;0.17;6;14.22;1;1.84;6;9.66;1
2022-05-03T09:50:00;54.5295;10.0393;10;1;579;1.15;6;0.70;6;287.84;6;0.19;6;15.81;1;2.18;6;6.93;1
2022-05-03T09:50:00;54.5295;10.0393;15;1;579;0.64;6;0.06;6;247.80;6;0.16;6;17.70;1;10.17;6;5.72;1
2022-05-03T09:50:00;54.5295;10.0393;20;1;579;2.85;6;0.66;6;183.19;6;0.41;6;19.91;1;34.11;6;5.04;1
2022-05-03T09:50:00;54.5295;10.0393;25;1;579;3.70;6;0.71;6;168.69;6;0.41;6;20.26;1;34.18;6;4.99;1
2022-07-12T09:42:25;54.5295;10.0393;1;1;581;<0.01;6;<0.01;6;325.01;6;0.10;6;13.94;1;4.28;6;18.31;1
2022-07-12T09:42:25;54.5295;10.0393;5;1;581;<0.01;6;<0.01;6;317.65;6;0.10;6;14.68;1;3.49;6;18.28;1
2022-07-12T09:42:25;54.5295;10.0393;10;1;581;<0.01;6;<0.01;6;298.77;6;0.29;6;14.69;1;5.05;6;15.74;1
2022-07-12T09:42:25;54.5295;10.0393;15;1;581;0.25;6;0.05;6;240.37;6;0.30;6;16.69;1;17.30;6;11.14;1
2022-07-12T09:42:25;54.5295;10.0393;20;1;581;2.38;6;0.14;6;169.45;6;0.50;6;18.91;1;33.33;6;9.01;1
2022-07-12T09:42:25;54.5295;10.0393;25;1;581;4.86;6;0.20;6;146.40;6;0.56;6;20.74;1;47.95;6;8.57;1
2022-08-30T09:46:11;54.5295;10.0393;1;1;582;<0.01;6;<0.01;6;263.82;6;0.20;6;13.18;1;2.66;6;19.99;1
2022-08-30T09:46:11;54.5295;10.0393;5;1;582;<0.01;6;<0.01;6;260.81;6;0.18;6;13.32;1;2.83;6;20.00;1
2022-08-30T09:46:11;54.5295;10.0393;10;1;582;<0.01;6;<0.01;6;267.09;6;0.37;6;13.71;1;2.52;6;19.97;1
2022-08-30T09:46:11;54.5295;10.0393;15;1;582;<0.01;6;<0.01;6;254.93;6;0.24;6;14.01;1;3.93;6;19.97;1
2022-08-30T09:46:11;54.5295;10.0393;20;1;582;<0.01;6;0.06;6;115.48;6;1.34;6;19.55;1;36.56;6;14.42;1
2022-08-30T09:46:11;54.5295;10.0393;25;1;582;0.64;6;0.09;6;2.61;6;4.58;6;21.71;1;89.96;6;10.30;1
2022-09-28T09:41:40;54.5295;10.0393;1;1;583;0.10;6;0.06;6;281.80;6;0.19;6;13.71;1;3.70;6;15.40;1
2022-09-28T09:41:40;54.5295;10.0393;5;1;583;0.25;6;0.17;6;269.78;6;0.26;6;13.76;1;6.90;6;15.44;1
2022-09-28T09:41:40;54.5295;10.0393;10;1;583;0.40;6;0.14;6;NaN;9;0.91;6;16.11;1;19.82;6;16.17;1
2022-09-28T09:41:40;54.5295;10.0393;15;1;583;0.46;6;0.13;6;197.67;6;0.90;6;18.47;1;8.70;6;15.45;1
2022-09-28T09:41:40;54.5295;10.0393;20;1;583;1.09;6;0.61;6;50.03;6;2.43;6;18.69;1;17.56;6;15.28;1
2022-09-28T09:41:40;54.5295;10.0393;25;1;583;0.37;6;0.21;6;0.00;6;8.46;6;20.96;1;43.54;6;11.86;1
2022-10-11T09:46:58;54.5295;10.0393;1;1;584;<0.01;6;<0.01;6;232.62;6;0.71;6;17.53;1;8.97;6;14.43;1
2022-10-11T09:46:58;54.5295;10.0393;5;1;584;0.23;6;0.04;6;220.25;6;0.86;6;17.62;1;12.45;6;14.50;1
2022-10-11T09:46:58;54.5295;10.0393;10;1;584;3.90;6;0.41;6;77.74;6;1.95;6;19.15;1;36.90;6;14.85;1
2022-10-11T09:46:58;54.5295;10.0393;15;1;584;3.52;6;0.35;6;122.57;6;1.88;6;19.81;1;35.66;6;14.58;1
2022-10-11T09:46:58;54.5295;10.0393;20;1;584;1.19;6;0.15;6;159.37;6;0.84;6;20.44;1;14.58;6;14.39;1
2022-10-11T09:46:58;54.5295;10.0393;25;1;584;0.98;6;0.10;6;110.72;6;0.92;6;20.97;1;12.28;6;14.21;1
2022-11-09T09:35:01;54.5295;10.0393;1;1;585;1.62;6;0.26;6;226.99;6;0.93;6;22.07;1;15.25;6;12.64;1
2022-11-09T09:35:01;54.5295;10.0393;5;1;585;1.65;6;0.25;6;217.91;6;0.94;6;22.15;1;15.37;6;12.68;1
2022-11-09T09:35:01;54.5295;10.0393;10;1;585;2.14;6;0.35;6;212.35;6;1.15;6;22.33;1;20.11;6;12.73;1
2022-11-09T09:35:01;54.5295;10.0393;15;1;585;2.56;6;0.32;6;189.90;6;1.28;6;22.42;1;21.65;6;12.80;1
2022-11-09T09:35:01;54.5295;10.0393;20;1;585;3.95;6;0.37;6;150.42;6;1.62;6;22.88;1;30.00;6;13.00;1
2022-11-09T09:35:01;54.5295;10.0393;25;1;585;2.97;6;0.28;6;84.66;6;1.24;6;23.49;1;22.53;6;13.03;1
2022-12-08T09:35:54;54.5295;10.0393;1;1;586;2.93;6;0.43;6;340.36;6;0.87;6;14.96;1;20.44;6;6.03;1
2022-12-08T09:35:54;54.5295;10.0393;5;1;586;2.80;6;0.40;6;334.41;6;0.85;6;15.44;1;19.39;6;6.38;1
2022-12-08T09:35:54;54.5295;10.0393;10;1;586;3.32;6;0.43;6;327.32;6;1.03;6;17.71;1;22.01;6;6.81;1
2022-12-08T09:35:54;54.5295;10.0393;15;1;586;3.53;6;0.45;6;319.65;6;1.10;6;19.27;1;23.01;6;6.99;1
2022-12-08T09:35:54;54.5295;10.0393;20;1;586;5.29;6;0.68;6;307.88;6;1.52;6;20.64;1;33.74;6;7.36;1
2022-12-08T09:35:54;54.5295;10.0393;25;1;586;4.87;6;0.61;6;207.01;6;1.42;6;20.73;1;30.89;6;7.43;1
2023-01-26T09:44:51;54.5295;10.0393;1;1;587;7.63;6;0.33;6;332.74;6;0.66;6;21.35;1;18.82;6;4.77;1
2023-01-26T09:44:51;54.5295;10.0393;5;1;587;7.71;6;0.33;6;335.26;6;0.69;6;21.38;1;18.92;6;4.80;1
2023-01-26T09:44:51;54.5295;10.0393;10;1;587;8.00;6;0.39;6;335.81;6;0.66;6;21.42;1;19.22;6;4.87;1
2023-01-26T09:44:51;54.5295;10.0393;15;1;587;7.68;6;0.33;6;323.68;6;0.67;6;21.81;1;19.16;6;5.41;1
2023-01-26T09:44:51;54.5295;10.0393;20;1;587;9.08;6;0.55;6;296.22;6;0.63;6;23.15;1;28.48;6;6.07;1
2023-01-26T09:44:51;54.5295;10.0393;25;1;587;8.81;6;0.53;6;182.06;6;0.75;6;23.65;1;33.46;6;6.35;1
2023-02-09T09:55:22;54.5295;10.0393;1;1;588;NaN;9;NaN;9;371.45;6;NaN;9;21.20;1;NaN;9;4.04;1
2023-02-09T09:55:22;54.5295;10.0393;5;1;588;NaN;9;NaN;9;372.12;6;NaN;9;21.21;1;NaN;9;4.04;1
2023-02-09T09:55:22;54.5295;10.0393;10;1;588;NaN;9;NaN;9;369.56;6;NaN;9;21.22;1;NaN;9;4.05;1
2023-02-09T09:55:22;54.5295;10.0393;15;1;588;NaN;9;NaN;9;368.95;6;NaN;9;21.23;1;NaN;9;4.09;1
2023-02-09T09:55:22;54.5295;10.0393;20;1;588;NaN;9;NaN;9;297.19;6;NaN;9;22.23;1;NaN;9;5.36;1
2023-02-09T09:55:22;54.5295;10.0393;25;1;588;NaN;9;NaN;9;227.84;6;NaN;9;23.13;1;NaN;9;5.98;1
2023-02-15T09:29:43;54.5295;10.0393;1;1;589;7.21;6;0.31;6;372.04;6;0.51;6;21.03;1;16.54;6;4.31;1
2023-02-15T09:29:43;54.5295;10.0393;5;1;589;7.30;6;0.31;6;372.07;6;0.54;6;21.03;1;16.74;6;4.29;1
2023-02-15T09:29:43;54.5295;10.0393;10;1;589;8.28;6;0.30;6;357.83;6;0.63;6;21.16;1;18.29;6;4.30;1
2023-02-15T09:29:43;54.5295;10.0393;15;1;589;8.96;6;0.63;6;349.31;6;0.70;6;21.44;1;20.95;6;4.40;1
2023-02-15T09:29:43;54.5295;10.0393;20;1;589;8.70;6;0.58;6;257.22;6;0.70;6;21.87;1;32.56;6;4.93;1
2023-02-15T09:29:43;54.5295;10.0393;25;1;589;9.03;6;0.87;6;225.83;6;0.63;6;23.13;1;37.69;6;6.09;1
2023-03-20T10:33:49;54.5295;10.0393;1;1;590;0.41;6;0.04;6;345.63;6;0.17;6;20.35;1;4.60;6;4.30;1
2023-03-20T10:33:49;54.5295;10.0393;5;1;590;0.75;6;0.05;6;335.49;6;0.21;6;20.63;1;6.30;6;4.35;1
2023-03-20T10:33:49;54.5295;10.0393;10;1;590;0.38;6;0.03;6;336.85;6;0.18;6;20.63;1;6.50;6;4.38;1
2023-03-20T10:33:49;54.5295;10.0393;15;1;590;0.27;6;0.03;6;331.94;6;0.22;6;20.68;1;6.75;6;4.43;1
2023-03-20T10:33:49;54.5295;10.0393;20;1;590;0.80;6;0.07;6;296.13;6;0.57;6;20.82;1;8.72;6;4.47;1
2023-03-20T10:33:49;54.5295;10.0393;25;1;590;0.67;6;0.06;6;300.12;6;0.51;6;20.93;1;8.57;6;4.52;1
2023-04-18T09:52:16;54.5295;10.0393;1;1;591;0.06;6;0.02;6;NaN;9;0.14;6;12.07;1;8.32;6;7.91;1
2023-04-18T09:52:16;54.5295;10.0393;5;1;591;1.11;6;0.04;6;NaN;9;0.05;6;14.93;1;7.70;6;7.79;1
2023-04-18T09:52:16;54.5295;10.0393;10;1;591;2.37;6;1.87;6;NaN;9;0.12;6;17.11;1;6.21;6;6.92;1
2023-04-18T09:52:16;54.5295;10.0393;15;1;591;0.02;6;0.03;6;NaN;9;0.35;6;17.74;1;5.99;6;6.98;1
2023-04-18T09:52:16;54.5295;10.0393;20;1;591;0.07;6;0.05;6;NaN;9;0.06;6;18.80;1;6.89;6;6.64;1
2023-04-18T09:52:16;54.5295;10.0393;25;1;591;2.17;6;1.74;6;NaN;9;0.90;6;20.75;1;38.03;6;5.23;1
2023-05-16T09:55:09;54.5295;10.0393;1;1;592;0.29;6;0.03;6;330.94;6;0.05;6;13.79;1;9.19;6;12.59;1
2023-05-16T09:55:09;54.5295;10.0393;5;1;592;0.02;6;0.03;6;331.64;6;0.05;6;13.79;1;8.72;6;12.56;1
2023-05-16T09:55:09;54.5295;10.0393;10;1;592;0.20;6;0.03;6;347.91;6;0.05;6;14.13;1;9.85;6;9.93;1
2023-05-16T09:55:09;54.5295;10.0393;15;1;592;0.20;6;0.04;6;318.58;6;0.12;6;14.80;1;12.03;6;8.70;1
2023-05-16T09:55:09;54.5295;10.0393;20;1;592;1.17;6;0.31;6;172.90;6;0.44;6;18.34;1;39.59;6;6.85;1
2023-05-16T09:55:09;54.5295;10.0393;25;1;592;1.18;6;0.38;6;99.40;6;0.47;6;19.34;1;52.19;6;6.26;1
2023-06-07T09:44:54;54.5295;10.0393;1;1;593;0.82;6;0.68;6;308.17;6;0.05;6;13.80;1;7.44;6;16.06;1
2023-06-07T09:44:54;54.5295;10.0393;5;1;593;0.90;6;0.85;6;309.81;6;0.07;6;13.79;1;6.45;6;15.51;1
2023-06-07T09:44:54;54.5295;10.0393;10;1;593;2.21;6;1.46;6;288.62;6;0.04;6;13.93;1;11.73;6;13.62;1
2023-06-07T09:44:54;54.5295;10.0393;15;1;593;1.04;6;0.26;6;206.31;6;0.24;6;16.92;1;22.39;6;9.77;1
2023-06-07T09:44:54;54.5295;10.0393;20;1;593;2.66;6;1.88;6;177.21;6;0.31;6;18.35;1;35.21;6;8.75;1
2023-06-07T09:44:54;54.5295;10.0393;25;1;593;1.70;6;0.87;6;137.32;6;0.70;6;19.06;1;40.96;6;7.46;1
2023-07-25T09:55:58;54.5295;10.0393;1;1;594;<0.01;6;<0.01;6;228.34;6;0.09;6;18.81;1;4.57;6;16.31;1
2023-07-25T09:55:58;54.5295;10.0393;5;1;594;<0.01;6;<0.01;6;237.18;6;0.07;6;20.21;1;3.77;6;15.22;1
2023-07-25T09:55:58;54.5295;10.0393;10;1;594;<0.01;6;<0.01;6;207.84;6;0.26;6;21.64;1;5.12;6;14.05;1
2023-07-25T09:55:58;54.5295;10.0393;15;1;594;0.34;6;0.04;6;170.89;6;0.33;6;22.72;1;16.99;6;13.47;1
2023-07-25T09:55:58;54.5295;10.0393;20;1;594;2.61;6;0.13;6;128.43;6;0.51;6;23.25;1;34.44;6;13.25;1
2023-07-25T09:55:58;54.5295;10.0393;25;1;594;4.75;6;0.19;6;97.81;6;0.62;6;23.80;1;48.05;6;12.69;1
2023-08-30T09:37:59;54.5295;10.0393;1;1;595;<0.01;6;<0.01;6;269.75;6;0.17;6;17.49;1;3.01;6;18.34;1
2023-08-30T09:37:59;54.5295;10.0393;5;1;595;<0.01;6;<0.01;6;261.10;6;0.22;6;20.23;1;3.41;6;17.94;1
2023-08-30T09:37:59;54.5295;10.0393;10;1;595;0.10;6;<0.01;6;233.06;6;0.37;6;21.28;1;3.76;6;16.73;1
2023-08-30T09:37:59;54.5295;10.0393;15;1;595;0.31;6;0.06;6;192.90;6;0.37;6;22.47;1;4.09;6;15.24;1
2023-08-30T09:37:59;54.5295;10.0393;20;1;595;0.53;6;0.09;6;98.10;6;1.18;6;23.27;1;33.52;6;14.40;1
2023-08-30T09:37:59;54.5295;10.0393;25;1;595;0.67;6;0.09;6;34.31;6;4.37;6;24.51;1;51.94;6;13.10;1
2023-11-07T10:03:35;54.5295;10.0393;1;1;598;1.59;6;0.25;6;270.43;6;1.03;6;20.42;1;16.02;6;11.61;1
2023-11-07T10:03:35;54.5295;10.0393;5;1;598;1.50;6;0.31;6;270.20;6;1.07;6;20.42;1;15.98;6;11.61;1
2023-11-07T10:03:35;54.5295;10.0393;10;1;598;2.26;6;0.36;6;270.38;6;1.24;6;20.42;1;19.54;6;11.61;1
2023-11-07T10:03:35;54.5295;10.0393;15;1;598;2.69;6;0.34;6;266.02;6;1.33;6;20.42;1;22.78;6;11.62;1
2023-11-07T10:03:35;54.5295;10.0393;20;1;598;2.95;6;0.37;6;232.83;6;1.75;6;20.94;1;31.51;6;12.14;1
2023-11-07T10:03:35;54.5295;10.0393;25;1;598;3.12;6;0.31;6;226.11;6;1.78;6;21.43;1;27.46;6;12.48;1
2023-12-06T10:08:48;54.5295;10.0393;1;1;599;3.01;6;0.43;6;341.40;6;0.96;6;18.66;1;21.46;6;5.87;1
2023-12-06T10:08:48;54.5295;10.0393;5;1;599;2.95;6;0.41;6;342.10;6;0.95;6;18.67;1;20.12;6;5.89;1
2023-12-06T10:08:48;54.5295;10.0393;10;1;599;3.36;6;0.50;6;331.90;6;1.25;6;18.79;1;23.05;6;6.18;1
2023-12-06T10:08:48;54.5295;10.0393;15;1;599;3.75;6;0.47;6;326.80;6;1.19;6;18.91;1;23.50;6;6.44;1
2023-12-06T10:08:48;54.5295;10.0393;20;1;599;5.40;6;0.53;6;328.10;6;1.69;6;18.95;1;34.57;6;6.33;1
2023-12-06T10:08:48;54.5295;10.0393;25;1;599;5.01;6;0.59;6;323.00;6;1.59;6;18.98;1;31.56;6;6.49;1
