Date,Actual,P10,P50,P90,Split
1995-09-18,15.427999999999997,0.0,25.99086,133.72241,training
1995-10-30,161.385,0.0,6.7880845,101.75084,training
1995-11-27,233.95749999999998,0.0,36.66349,151.34422,training
1995-12-18,335.35599999999994,6.5521215e-27,83.72744,240.0126,training
1996-01-22,225.02549999999997,27.847778,159.18031,323.256,training
1996-04-08,293.03049999999996,74.83678,195.48448,340.3264,training
1996-07-01,174.0725,74.953026,188.47017,333.19705,training
1996-07-15,135.9085,74.74418,188.53162,333.21594,training
1996-07-22,116.928,8.1830845e-24,86.35632,239.0102,training
1996-07-29,145.754,4.0902994e-24,86.420845,238.96536,training
1996-08-19,65.46749999999999,7.7321935e-27,86.18818,235.61053,training
1996-09-02,94.598,0.0,28.173828,136.45973,training
1996-09-16,51.967999999999996,0.0,27.063477,135.18051,training
1996-09-23,69.62899999999999,0.0,0.07989124,92.067314,training
1996-09-30,9.743999999999998,0.0,2.2361867,97.15056,training
1996-10-21,82.01199999999999,0.0,7.7565165,103.383896,training
1996-11-18,251.31399999999996,0.0,32.339005,144.65463,training
1996-12-16,176.5085,1.7660649e-27,84.048,239.74075,training
1997-01-20,335.762,28.145294,159.87346,323.90332,training
1997-02-17,292.11699999999996,74.97549,195.75446,340.96167,training
1997-02-24,334.544,75.06968,195.67659,340.81064,training
1997-03-03,336.574,75.07725,195.5958,340.6975,training
1997-03-10,331.09299999999996,86.14373,201.14546,339.02707,training
1997-03-17,299.37424999999996,86.10926,200.93024,339.07916,training
1997-03-24,247.86299999999997,87.79104,201.19736,337.66898,training
1997-04-07,249.68999999999997,87.030716,199.52182,337.42868,training
1997-05-05,235.07399999999998,82.34836,195.32129,334.68427,training
1997-06-09,219.23999999999998,75.03029,188.55449,333.30438,training
1997-06-23,143.82549999999998,74.764465,188.48119,333.4336,training
1997-07-07,141.28799999999998,32.896317,156.47264,318.38312,training
1997-07-14,107.4885,32.880768,156.49963,318.46625,training
1997-07-21,143.82549999999998,33.02768,156.8972,318.73938,training
1997-07-28,101.49999999999999,5.6981254e-26,86.70768,236.97928,training
1997-08-11,45.3705,1.5207664e-26,86.22018,236.08344,training
1997-08-18,22.786749999999998,1.464807e-26,86.20145,236.08205,training
1997-08-25,20.705999999999996,7.547317e-27,85.961754,235.60223,training
1997-09-01,30.043999999999997,0.0,25.459839,132.84985,training
1997-10-27,113.27399999999999,0.0,1.9324573,96.1909,training
1997-11-17,135.0965,0.0,25.220901,134.65157,training
1997-12-15,272.5275,2.3304276e-27,84.02052,239.97177,training
1998-01-19,291.508,27.796875,159.60095,323.93774,training
1998-02-16,236.49499999999998,74.48764,195.16869,340.7237,training
1998-03-02,297.395,74.598335,195.07834,340.672,training
1998-03-16,366.7195,85.63294,200.51854,339.39673,training
1998-03-30,304.80449999999996,86.575264,199.7458,337.7956,training
1998-04-06,209.59749999999997,86.31347,199.1406,337.69778,training
1998-04-27,156.51299999999998,82.58369,196.00153,335.043,training
1998-06-15,79.576,81.731575,194.2299,334.6991,training
1998-06-29,106.57499999999999,81.51963,194.33414,334.73993,training
1998-07-06,67.70049999999999,33.23094,155.84721,317.85416,training
1998-07-13,59.073,33.4899,156.62338,318.45856,training
1998-08-03,62.625499999999995,2.2126829e-28,85.19133,233.24173,training
1998-08-17,25.983999999999998,1.7273459e-28,85.022064,233.15466,training
1998-08-24,21.4165,0.0,22.111725,129.21925,training
1998-09-21,3.907749999999999,0.0,18.587845,124.98093,training
1998-10-19,294.756,0.0,0.00028897304,85.92572,training
1998-11-09,218.7325,0.0,15.09581,122.30197,training
1999-05-31,104.64649999999999,75.522575,189.57315,333.1787,training
1999-06-21,145.34799999999998,74.700775,188.88098,333.29993,training
1999-07-19,85.463,32.718536,156.51405,318.44446,training
1999-08-23,27.100499999999997,1.449006e-27,85.62434,234.46826,training
1999-09-20,6.191499999999999,0.0,17.00737,122.79706,training
1999-10-18,103.12399999999998,0.0,3.9748707e-06,81.32587,training
1999-11-22,153.77249999999998,0.0,35.7078,149.18285,training
1999-12-20,285.6209999999999,5.1894067e-27,84.010765,240.3493,training
2000-01-24,350.8855,27.946014,159.74242,324.00632,training
2000-02-14,354.5395,74.91893,195.82394,341.06653,training
2000-04-17,311.09749999999997,85.89603,200.46123,339.4382,training
2000-07-03,133.8785,75.393265,189.259,333.7319,training
2000-07-17,72.9785,74.59815,189.54047,333.82825,training
2000-12-18,262.3775,0.0,33.925476,145.72112,training
2001-01-22,212.33799999999997,27.76146,159.7919,323.95126,training
2001-02-19,301.7595,74.757324,195.76709,341.33203,training
2001-03-19,294.85749999999996,85.60239,200.69302,339.59637,training
2001-04-23,166.7645,86.43544,199.25467,337.47968,training
2001-06-04,155.90399999999997,82.09498,194.8595,334.78027,training
2001-07-02,99.87599999999999,33.482025,156.48256,318.25858,training
2001-08-13,45.878,4.1772565e-27,85.825485,235.2198,training
2001-09-10,5.176499999999999,0.0,21.815231,128.71964,training
2001-10-22,1.7254999999999998,0.0,0.007874191,88.64102,training
2001-11-12,10.4545,0.0,14.442445,120.97215,training
2002-01-14,165.039,7.9538164e-27,83.66118,239.59813,training
2002-03-11,349.5659999999999,74.405655,195.54654,340.80945,training
2002-05-27,132.356,82.426544,195.32925,334.77814,training
2002-06-24,123.5255,75.56515,189.26059,333.39233,training
2002-07-15,145.957,32.344498,156.9232,318.39648,training
2002-08-26,10.556,1.0893201e-27,85.69403,234.4179,training
2002-09-23,0.0,0.0,22.31659,128.92108,training
2002-10-21,0.0,0.0,1.2676288e-08,75.462425,training
2002-11-25,133.4725,0.0,20.14795,127.47061,training
2002-12-23,361.6445,6.023053e-28,84.05874,239.0206,training
2003-01-27,336.97999999999996,28.037216,159.42589,323.55133,training
2003-02-24,302.3684999999999,74.82098,195.1907,340.28745,training
2003-03-17,227.2585,85.949486,200.73117,339.1518,training
2003-04-28,237.20549999999997,86.46773,198.87718,337.43,training
2003-05-19,179.046,82.42608,195.63359,334.9253,training
2003-06-23,182.39549999999997,74.59026,188.77342,333.45306,training
2003-07-21,127.99149999999999,32.33716,156.76562,318.45105,training
2003-08-18,41.3105,1.6219186e-27,85.67402,234.60593,training
2003-09-08,5.9885,0.0,24.956177,132.5008,training
2003-10-20,0.0,0.0,0.0003331675,85.514824,training
2003-11-17,107.8945,0.0,18.504807,125.47836,training
2003-12-08,33.089,2.24864e-30,82.56267,235.27548,training
2004-01-26,293.6395,28.347092,160.5997,324.68298,training
2004-02-23,308.763,76.09616,196.70885,341.829,training
2004-03-22,248.1675,85.80529,200.651,339.3246,training
2004-04-19,246.9495,86.99686,200.00107,337.52298,training
2004-06-21,144.536,81.77917,194.48099,334.7375,training
2004-08-16,11.266499999999999,1.1519918e-27,85.680336,234.45847,training
2004-09-13,34.916,0.0,22.091522,128.7217,training
2004-10-18,172.8545,0.0,0.05634225,91.79201,training
2004-11-15,81.30149999999999,0.0,36.73181,151.64877,training
2004-12-20,218.93549999999996,5.3162003e-27,83.88569,239.996,training
2005-01-24,321.04449999999997,27.923096,159.70284,324.0856,training
2005-02-28,316.57849999999996,74.78084,195.24113,340.8877,training
2005-04-04,273.644,86.20104,200.67085,339.44955,training
2005-05-02,191.7335,82.66042,196.99126,334.85364,training
2005-05-23,192.95149999999998,75.221924,189.37161,333.21448,training
2005-06-27,149.71249999999998,74.40306,188.74617,333.45764,training
2005-08-01,31.972499999999997,32.442383,157.02365,318.5966,training
2005-08-15,16.5445,31.297226,158.23207,318.30792,training
2005-09-19,0.0,0.0,13.11693,118.46788,training
2005-10-31,0.0,0.0,8.361342e-07,79.86574,training
2005-11-21,180.87299999999996,0.0,13.951524,120.4582,training
2005-12-19,148.29149999999998,3.9215485e-28,83.6738,238.42918,training
2006-01-23,198.12799999999996,27.815735,159.6583,323.9048,training
2006-02-20,297.6995,74.70844,195.51196,340.95703,training
2006-03-20,280.14,86.02496,200.80411,339.2121,training
2006-04-24,215.89049999999997,86.889465,199.45703,337.44,training
2006-05-22,74.60249999999999,82.22333,195.1633,334.62207,training
2006-06-26,157.2235,75.34056,189.53592,333.80408,training
2006-07-31,95.41,31.453796,157.34308,318.27917,training
2009-04-27,216.39799999999997,86.46472,198.47467,337.35074,training
2009-06-29,137.02499999999998,74.66836,189.3273,333.70886,training
2009-07-20,40.49849999999999,31.66632,157.51625,318.3244,training
2009-08-24,52.17099999999999,6.810576e-29,84.58654,232.29971,training
2009-10-19,283.388,0.0,22.550034,129.73546,training
2009-12-21,222.38649999999998,0.0,42.687286,161.1079,training
2010-07-05,71.9635,32.952362,156.45709,318.3685,training
2010-08-16,28.9275,3.3355978e-28,84.82645,233.37744,training
2010-10-18,26.999,0.0,8.050175e-06,82.27214,training
2010-11-22,247.457,0.0,31.340027,142.65573,training
2011-06-27,164.63299999999998,74.70586,188.6616,333.4101,training
2011-08-01,119.46549999999999,32.682526,156.8841,318.62988,training
2012-03-19,356.265,74.2069,195.05908,340.93857,training
2015-03-23,291.7,86.32515,201.23204,339.917,training
2015-04-27,226.5,86.42063,199.01855,337.57996,training
2015-05-18,218.1,82.21671,195.56102,334.92722,training
2015-06-08,180.4,75.208916,188.69827,333.31763,training
2015-06-22,148.7,74.74875,189.09636,333.63556,training
2015-07-20,115.4,32.33525,157.38263,318.62048,training
2015-08-10,79.9,7.835644e-27,86.17008,235.76437,training
2016-07-11,140.3,74.69835,188.64822,333.464,validation
2016-09-26,0.0,0.0,24.47351,131.99321,validation
2016-10-24,0.0,0.0,0.018488113,89.97209,validation
2016-11-14,0.0,0.0,16.362152,123.126144,validation
2016-12-12,98.1,3.1240243e-30,82.99611,235.8771,validation
2017-01-16,304.6,28.021606,160.1493,324.33588,validation
2017-03-13,318.5,74.02857,194.9404,341.01926,validation
2017-11-13,100.72,0.0,6.6497326,101.66495,validation
2017-12-25,305.26,3.293056e-27,84.100914,239.92569,validation
2018-01-15,343.81,28.094574,160.31213,324.56342,validation
2018-02-26,294.36,75.043205,195.46587,340.82684,validation
2018-03-26,398.37,86.38301,200.91626,339.63217,validation
2018-04-23,384.18,87.25976,200.13068,337.50943,validation
2018-05-14,286.44,83.38915,196.75278,334.9148,validation
2018-06-25,187.03,75.2906,188.77368,333.062,validation
2018-09-24,6.2,0.0,27.401764,135.51172,validation
2018-10-22,194.19,0.0,0.3478569,93.340996,validation
2018-11-19,222.82,0.0,35.43821,148.81299,validation
2018-12-17,289.64,7.810456e-27,83.74787,239.95227,validation
2019-07-01,116.48,32.607727,156.51654,318.36115,validation
2019-08-05,46.35,4.9335904e-27,85.94319,235.3627,validation
2020-01-13,200.54,1.1983573e-27,84.23073,239.73352,validation
2020-03-09,315.29,74.56872,195.60002,341.228,validation
2020-05-04,170.97,86.12902,197.89688,337.4655,validation
2020-05-25,171.92,75.82509,189.46469,333.52618,validation
2020-07-06,45.53,32.174774,157.07233,318.46207,validation
2020-08-03,85.44999999999999,1.2051973e-27,85.472984,234.34012,validation
2020-08-24,28.03,0.0,19.8322,126.12728,validation
2020-09-21,0.0,0.0,20.79158,127.523056,validation
2020-10-19,120.74,0.0,0.00025699462,85.5195,validation
2021-05-31,180.14,81.89238,195.00601,334.90656,validation
2021-06-14,171.54,81.870544,194.65326,334.91125,validation
